date,block0,block1,block2,block3,block4,block5
2025-01-01,63.1,55.6,28.0,25.31,45.96,27.38
2025-01-02,64.0,68.44,23.1,22.76,23.84,23.5
2025-01-03,40.0,54.95,21.15,27.33,21.98,24.5
2025-01-04,20.0,21.66,19.79,20.0,19.79,19.98
2025-01-05,20.0,20.0,20.98,22.57,37.0,31.92
2025-01-06,41.6,43.7,37.68,27.78,42.43,45.65
2025-01-07,78.5,66.72,41.86,47.84,44.57,35.88
2025-01-08,59.9,73.64,38.6,38.47,43.43,37.16
2025-01-09,76.65,81.63,29.0,33.1,40.0,33.2
2025-01-10,59.6,87.4,40.0,32.0,51.76,27.74
2025-01-11,47.4,76.68,22.6,23.0,31.45,15.9
2025-01-12,50.4,45.6,32.4,30.1,34.3,18.4
2025-01-13,42.14,67.2,27.0,24.7,44.8,22.0
2025-01-14,27.4,50.0,46.4,27.47,52.0,18.4
2025-01-15,21.24,59.68,66.12,37.84,57.18,26.56
2025-01-16,19.24,60.0,56.92,50.36,90.0,20.0
2025-01-17,25.4,40.0,40.0,37.08,72.52,16.7
2025-01-18,15.91,28.8,33.7,36.12,34.9,19.0
2025-01-19,14.78,19.2,26.45,26.68,31.95,15.27
2025-01-20,20.64,47.88,46.5,40.0,58.67,17.2
2025-01-21,16.25,55.2,73.76,47.89,148.54,36.75
2025-01-22,17.2,62.43,60.0,42.5,108.2,32.0
2025-01-23,16.65,57.92,37.42,42.0,40.3,33.63
2025-01-24,24.19,50.39,52.0,40.73,50.01,31.2
2025-01-25,34.3,28.3,36.0,28.9,34.08,19.9
2025-01-26,19.6,21.09,23.4,19.5,36.3,25.8
2025-01-27,50.8,55.2,38.9,40.0,40.0,31.81
2025-01-28,67.75,56.4,48.19,45.1,54.0,32.34
2025-01-29,56.4,55.6,40.2,45.6,50.1,32.0
2025-01-30,35.0,80.96,42.7,38.39,53.39,25.7
2025-01-31,40.0,74.8,28.14,39.52,39.15,19.4
2025-02-01,23.6,33.11,37.5,32.08,30.79,18.0
2025-02-02,18.5,24.3,27.0,33.0,33.9,17.3
2025-02-03,22.45,50.0,50.92,41.36,61.79,25.73
2025-02-04,24.76,54.19,56.4,56.0,50.5,29.44
2025-02-05,19.1,52.58,40.04,40.32,41.87,28.5
2025-02-06,17.52,54.83,42.11,40.32,44.0,25.0
2025-02-07,16.2,48.91,32.8,32.34,34.29,22.0
2025-02-08,16.08,30.47,29.5,27.96,25.0,17.1
2025-02-09,15.0,20.96,26.3,29.25,30.0,16.64
2025-02-10,17.2,39.6,35.14,30.0,33.83,17.0
2025-02-11,18.96,45.85,50.88,32.0,40.0,16.54
2025-02-12,15.94,46.4,40.0,30.0,53.6,15.82
2025-02-13,20.3,46.75,40.0,37.4,56.0,24.74
2025-02-14,15.99,41.0,40.0,33.0,44.0,31.3
2025-02-15,15.39,32.0,32.0,35.0,40.0,29.8
2025-02-16,15.0,27.5,38.0,34.1,35.0,20.2
2025-02-17,17.2,44.0,46.0,40.46,81.84,25.3
2025-02-18,15.0,47.65,60.2,49.92,96.0,26.1
2025-02-19,18.2,46.68,60.14,73.93,81.68,23.37
2025-02-20,16.95,43.59,55.64,88.0,60.0,23.45
2025-02-21,15.13,33.52,37.4,45.0,50.0,18.4
2025-02-22,22.36,34.58,28.0,40.0,36.0,17.92
2025-02-23,21.5,33.4,41.34,46.54,40.48,18.18
2025-02-24,34.0,42.37,57.27,58.82,55.0,22.34
2025-02-25,40.0,34.0,40.0,38.0,44.31,15.0
2025-02-26,28.0,46.0,41.0,47.0,67.88,35.53
2025-02-27,17.0,40.32,40.0,42.32,51.8,33.63
2025-02-28,12.48,19.9,26.3,31.18,50.0,18.4
2025-03-01,13.6,17.7,30.68,26.11,33.0,15.0
2025-03-02,18.54,35.0,53.5,55.6,49.5,15.95
2025-03-03,19.1,32.23,85.2,93.5,51.2,40.0
2025-03-04,17.0,35.19,72.55,115.0,56.96,35.0
2025-03-05,18.58,41.76,96.0,96.82,71.04,31.0
2025-03-06,16.99,37.6,93.84,108.19,67.2,40.0
2025-03-07,18.66,50.95,107.4,182.2,60.0,27.13
2025-03-08,14.2,35.7,108.87,92.7,41.7,19.7
2025-03-09,12.0,17.68,111.61,232.0,81.16,19.7
2025-03-10,36.16,39.84,66.0,86.04,50.0,33.0
2025-03-11,23.75,48.04,47.97,79.2,60.16,24.2
2025-03-12,18.4,47.46,40.0,61.8,44.92,20.48
2025-03-13,18.4,35.28,29.63,60.0,35.08,18.3
2025-03-14,13.6,25.81,25.59,33.0,41.0,18.4
2025-03-15,11.08,19.95,35.24,56.0,38.96,15.31
2025-03-16,12.0,18.4,57.0,60.0,40.2,17.66
2025-03-17,19.0,33.97,66.0,92.0,30.88,18.4
2025-03-18,18.4,46.28,122.2,108.48,64.0,16.3
2025-03-19,16.87,44.12,129.43,115.04,102.8,15.13
2025-03-20,11.66,35.35,117.14,192.0,92.0,14.0
2025-03-21,12.5,32.4,142.2,100.0,90.54,43.78
2025-03-22,26.0,36.6,134.52,167.0,84.4,40.0
2025-03-23,36.0,33.75,101.0,150.0,70.0,25.58
2025-03-24,51.72,51.92,61.88,80.6,70.0,23.13
2025-03-25,17.33,26.96,100.68,100.0,91.4,17.7
2025-03-26,15.0,21.0,61.34,69.0,72.0,36.71
2025-03-27,18.4,34.09,56.2,109.0,62.7,20.0
2025-03-28,16.4,26.8,92.0,116.68,69.52,23.0
2025-03-29,15.83,20.35,104.0,140.0,80.4,18.66
2025-03-30,30.42,39.0,85.55,96.0,56.5,20.0
2025-03-31,40.48,58.68,95.1,93.77,94.81,38.1
2025-04-01,29.9,53.35,125.0,187.45,98.76,46.7
2025-04-02,27.6,50.0,155.92,120.0,99.37,40.8
2025-04-03,23.4,50.0,128.9,120.0,94.6,45.1
2025-04-04,19.77,45.22,102.56,118.6,93.95,42.68
2025-04-05,18.7,43.7,141.82,244.7,98.7,55.2
2025-04-06,21.76,35.0,140.0,140.0,93.0,40.0
2025-04-07,34.36,49.4,117.53,140.0,100.0,48.0
2025-04-08,18.4,56.7,111.99,159.6,92.0,36.94
2025-04-09,19.1,68.12,120.0,125.52,85.0,38.0
2025-04-10,18.0,56.19,91.5,98.0,60.0,27.77
2025-04-11,18.4,42.0,116.36,95.92,93.54,46.0
2025-04-12,23.55,58.35,129.0,226.0,101.0,55.2
2025-04-13,28.94,55.6,129.43,306.58,131.56,49.44
2025-04-14,28.88,51.84,126.43,210.3,117.0,58.0
2025-04-15,27.12,65.2,115.56,238.16,100.0,77.33
2025-04-16,24.0,64.0,128.0,177.18,101.96,61.32
2025-04-17,18.0,53.0,105.0,144.0,90.0,55.2
2025-04-18,15.2,45.0,71.1,108.9,70.5,15.0
2025-04-19,15.36,48.6,90.31,130.01,100.0,62.04
2025-04-20,15.54,35.5,105.91,260.5,95.5,48.9
2025-04-21,18.4,31.9,89.0,240.0,68.0,49.32
2025-04-22,18.4,45.0,91.53,205.0,109.36,53.72
2025-04-23,15.0,55.6,82.28,170.0,97.0,67.6
2025-04-24,15.2,69.4,100.0,107.8,82.0,58.0
2025-04-25,12.12,55.16,71.68,74.8,60.0,46.6
2025-04-26,14.17,27.22,85.0,193.31,80.0,48.0
2025-04-27,18.4,40.32,130.11,265.51,95.0,46.0
2025-04-28,18.5,47.52,115.0,137.63,85.0,48.0
2025-04-29,14.7,52.0,129.09,116.0,80.0,55.2
2025-04-30,15.6,46.0,135.06,80.0,95.6,46.0
2025-05-01,18.4,48.0,223.6,400.0,150.04,54.0
2025-05-02,19.1,60.0,191.75,280.2,153.94,56.8
2025-05-03,18.4,55.6,168.12,200.0,149.57,67.36
2025-05-04,28.27,35.3,120.0,150.3,130.3,48.0
2025-05-05,24.3,42.6,141.36,177.0,128.0,74.56
2025-05-06,35.23,54.7,169.11,208.81,136.42,76.47
2025-05-07,29.0,60.0,141.31,160.7,126.43,72.0
2025-05-08,19.3,48.6,96.1,105.0,85.0,70.0
2025-05-09,18.4,46.1,100.0,128.0,84.0,72.0
2025-05-10,16.0,43.0,88.0,149.16,88.0,55.6
2025-05-11,26.4,45.5,199.5,272.0,135.04,76.0
2025-05-12,25.73,57.96,190.15,260.0,136.27,64.3
2025-05-13,18.4,60.0,158.52,273.2,123.4,61.3
2025-05-14,45.0,55.6,199.23,360.0,125.0,52.0
2025-05-15,35.4,60.0,240.0,430.86,182.7,70.3
2025-05-16,33.9,51.4,198.0,333.74,114.0,47.2
2025-05-17,26.4,66.0,224.0,368.0,151.05,80.0
2025-05-18,24.7,64.0,248.0,336.0,155.0,71.0
2025-05-19,23.4,59.58,168.0,273.03,135.0,72.0
2025-05-20,22.0,60.0,172.0,249.0,119.0,58.14
2025-05-21,20.22,58.0,146.9,229.0,118.14,61.68
2025-05-22,21.6,50.24,204.0,204.0,116.0,52.0
2025-05-23,20.9,44.83,145.0,150.7,90.0,52.0
2025-05-24,19.5,45.0,125.6,125.6,85.0,65.6
2025-05-25,24.43,45.0,160.0,160.0,75.0,70.0
2025-05-26,18.4,44.0,128.0,176.0,76.0,55.2
2025-05-27,18.4,56.0,145.0,218.89,73.0,51.0
2025-05-28,31.68,45.0,120.0,160.0,72.0,48.0
2025-05-29,19.1,37.4,110.0,111.65,72.0,48.0
2025-05-30,20.2,42.92,120.0,120.0,116.0,55.0
2025-05-31,18.4,34.0,110.41,128.0,80.0,52.0
2025-06-01,24.0,36.6,109.7,128.0,104.0,47.5
2025-06-02,23.0,47.58,120.0,116.0,108.0,58.75
2025-06-03,22.75,53.54,172.44,200.0,120.0,65.4
2025-06-04,20.0,53.2,101.0,113.74,100.0,67.2
2025-06-05,18.4,42.08,109.4,100.0,84.69,52.0
2025-06-06,19.1,45.33,112.0,90.0,95.39,56.0
2025-06-07,16.0,30.0,77.09,120.0,79.0,50.75
2025-06-08,25.39,43.16,100.0,125.12,112.64,56.4
2025-06-09,28.0,42.29,132.48,129.2,96.0,56.0
2025-06-10,19.1,38.0,100.0,118.88,92.0,60.0
2025-06-11,17.2,27.81,114.71,100.0,84.0,47.61
2025-06-12,18.4,36.0,120.0,100.0,100.0,48.0
2025-06-13,17.5,33.08,100.0,80.0,97.4,43.8
2025-06-14,18.4,31.25,88.0,104.0,84.0,38.8
2025-06-15,16.0,27.0,88.0,80.0,87.94,40.12
2025-06-16,16.64,31.28,120.0,120.0,88.0,59.56
2025-06-17,17.27,36.91,129.8,112.0,78.76,42.9
2025-06-18,17.2,28.37,126.04,78.0,100.0,42.86
2025-06-19,17.0,27.0,140.0,120.0,108.0,48.0
2025-06-20,18.4,41.0,143.19,97.79,120.0,55.2
2025-06-21,22.5,40.7,108.0,120.0,120.0,45.0
2025-06-22,22.7,38.34,156.31,294.2,142.58,45.0
2025-06-23,19.96,35.21,162.96,140.0,121.0,55.2
2025-06-24,47.74,60.0,250.0,384.0,180.0,72.0
2025-06-25,44.07,60.0,181.69,236.0,123.4,67.43
2025-06-26,30.24,48.0,116.28,130.0,90.12,48.0
2025-06-27,24.0,47.56,100.0,88.0,88.0,44.67
2025-06-28,24.72,40.64,96.0,117.0,96.0,48.0
2025-06-29,38.27,62.4,140.0,180.0,144.08,47.2
2025-06-30,32.6,50.12,149.83,226.08,108.68,82.0
2025-07-01,30.29,60.0,174.4,226.68,100.0,75.0
2025-07-02,26.48,60.47,168.0,213.62,104.36,67.43
2025-07-03,30.0,55.0,120.0,124.12,88.7,53.0
2025-07-04,19.7,49.92,117.1,120.0,88.7,48.0
2025-07-05,28.64,46.0,105.86,140.0,100.0,41.0
2025-07-06,22.5,36.36,125.93,203.38,104.0,40.0
2025-07-07,19.1,32.08,83.52,148.0,81.0,48.0
2025-07-08,27.7,50.58,134.28,160.0,100.0,53.6
2025-07-09,26.6,44.57,165.5,192.8,96.0,50.0
2025-07-10,17.2,38.0,128.0,115.07,84.0,57.8
2025-07-11,14.8,39.92,92.76,95.0,70.92,43.64
2025-07-12,18.4,37.2,82.2,80.0,65.0,41.2
2025-07-13,19.64,44.0,97.92,101.3,80.0,41.0
2025-07-14,17.0,34.5,69.0,88.0,64.4,45.76
2025-07-15,18.4,40.0,90.0,85.0,80.0,59.2
2025-07-16,16.0,30.72,79.29,77.0,58.0,45.64
2025-07-17,15.5,33.97,79.51,118.84,75.16,40.0
2025-07-18,17.4,35.84,79.51,88.0,66.7,44.0
2025-07-19,18.24,27.78,80.0,80.0,68.59,42.12
2025-07-20,15.73,24.0,92.0,92.0,77.14,40.66
2025-07-21,14.71,21.92,62.0,78.0,51.0,36.0
2025-07-22,17.29,36.0,111.0,101.8,80.0,45.0
2025-07-23,18.4,39.55,118.2,115.07,82.26,48.8
2025-07-24,18.4,33.4,92.76,92.2,70.4,45.0
2025-07-25,16.57,35.0,86.29,82.0,55.24,32.0
2025-07-26,17.2,27.66,72.0,72.0,59.9,30.0
2025-07-27,14.5,25.7,83.68,80.0,60.84,36.0
2025-07-28,16.38,32.48,65.84,115.07,65.0,48.0
2025-07-29,18.4,41.0,108.01,160.0,71.24,62.78
2025-07-30,16.0,36.0,97.73,148.1,61.18,48.0
2025-07-31,18.4,34.49,81.07,128.13,60.0,46.68
2025-08-01,17.42,26.0,67.2,85.91,53.44,37.26
2025-08-02,17.31,26.0,60.27,68.0,56.4,40.0
2025-08-03,19.0,25.0,77.0,96.0,71.0,48.0
2025-08-04,23.5,51.73,82.12,128.44,85.4,44.0
2025-08-05,30.56,44.0,125.5,169.65,84.0,55.6
2025-08-06,22.57,39.52,137.22,228.76,107.0,50.46
2025-08-07,22.8,38.5,120.0,115.0,75.0,56.38
2025-08-08,22.84,36.0,92.76,90.0,68.72,56.11
2025-08-09,18.4,27.0,84.0,84.0,60.0,39.08
2025-08-10,18.4,24.0,120.0,114.12,68.0,36.36
2025-08-11,16.0,34.2,120.0,76.0,68.0,60.0
2025-08-12,16.28,33.5,100.0,80.0,72.72,49.95
2025-08-13,19.73,43.57,120.0,134.25,87.1,48.69
2025-08-14,18.4,45.86,108.31,100.0,71.92,40.4
2025-08-15,18.16,32.36,92.0,80.0,63.6,38.0
2025-08-16,16.3,24.28,98.8,65.0,69.92,41.6
2025-08-17,16.2,18.4,80.0,80.0,60.0,40.4
2025-08-18,18.4,42.68,130.99,92.59,95.12,67.43
2025-08-19,19.1,45.6,134.36,100.0,97.72,83.06
2025-08-20,13.3,40.0,100.52,92.44,70.0,51.44
2025-08-21,11.36,39.1,81.32,92.0,56.0,51.6
2025-08-22,12.8,35.6,91.52,80.86,80.0,51.2
2025-08-23,18.4,43.87,112.94,155.52,95.0,44.72
2025-08-24,18.62,49.0,106.0,100.0,90.0,51.64
2025-08-25,18.66,34.34,141.79,164.0,103.74,60.57
2025-08-26,24.75,56.0,127.0,134.0,93.04,68.0
2025-08-27,41.64,60.0,100.0,139.92,95.88,70.7
2025-08-28,38.59,59.04,85.0,108.35,78.2,67.43
2025-08-29,38.56,50.3,75.0,111.09,72.24,65.08
2025-08-30,22.0,36.0,85.0,90.0,82.0,52.0
2025-08-31,20.0,29.98,116.0,98.9,74.0,48.0
2025-09-01,19.66,47.0,88.73,82.12,74.88,61.9
2025-09-02,18.0,47.0,84.0,84.0,60.0,54.0
2025-09-03,18.89,33.04,79.52,77.32,54.0,53.55
2025-09-04,26.87,52.0,92.76,134.25,74.87,69.18
2025-09-05,19.1,55.04,66.9,70.0,49.0,53.37
2025-09-06,17.6,23.52,84.0,72.0,53.39,34.2
2025-09-07,18.0,24.0,102.34,115.91,80.0,44.0
2025-09-08,18.4,40.0,92.0,97.9,80.0,80.55
2025-09-09,18.4,49.82,88.0,62.93,62.0,57.8
2025-09-10,17.2,50.08,80.0,62.7,55.2,64.16
2025-09-11,16.4,42.0,76.0,80.0,60.0,50.0
2025-09-12,15.0,42.0,92.76,57.96,100.0,67.43
2025-09-13,21.0,35.48,88.0,81.0,99.94,48.0
2025-09-14,19.5,26.4,112.0,99.67,97.14,50.1
2025-09-15,44.0,48.0,86.18,128.0,79.91,55.2
2025-09-16,50.05,60.28,116.0,152.0,76.2,63.59
2025-09-17,38.0,69.08,114.24,147.46,70.8,57.02
2025-09-18,51.5,64.0,109.44,181.3,98.9,65.9
2025-09-19,50.0,59.84,119.4,201.5,87.0,51.0
2025-09-20,39.0,40.4,148.45,212.0,86.0,53.32
2025-09-21,33.4,39.8,128.87,182.87,94.45,59.73
2025-09-22,31.4,42.99,84.27,104.0,72.0,57.8
2025-09-23,45.6,67.2,120.0,115.07,100.0,85.62
2025-09-24,37.5,80.0,102.59,115.07,75.68,71.0
2025-09-25,32.0,75.0,109.0,175.48,68.14,55.2
2025-09-26,34.14,60.47,79.51,106.68,53.0,50.0
2025-09-27,29.0,49.4,84.45,96.0,60.0,46.0
2025-09-28,23.64,34.48,76.0,88.0,53.0,48.66
2025-09-29,20.4,48.0,77.6,79.38,50.0,54.0
2025-09-30,30.5,76.99,87.69,83.46,60.0,55.95
2025-10-01,23.8,94.5,97.62,86.5,107.32,55.4
2025-10-02,36.0,87.52,124.76,98.84,95.16,68.0
2025-10-03,22.0,60.0,92.76,95.96,70.75,49.68
2025-10-04,38.0,44.0,75.52,75.52,60.0,44.0
2025-10-05,36.53,44.0,70.0,100.0,80.0,45.0
2025-10-06,40.0,70.5,92.76,125.64,68.36,45.0
2025-10-07,49.32,72.0,72.0,100.0,87.87,46.0
2025-10-08,35.0,71.52,85.6,85.88,84.88,54.6
2025-10-09,28.2,77.16,93.08,123.48,88.7,52.12
2025-10-10,34.71,66.16,85.0,120.0,88.48,48.0
2025-10-11,28.56,56.4,76.0,84.4,60.0,42.36
2025-10-12,33.0,36.94,92.76,124.81,52.0,36.1
2025-10-13,17.81,51.83,75.7,88.0,52.0,48.0
2025-10-14,29.03,61.88,96.0,92.0,73.32,56.12
2025-10-15,19.95,60.0,68.2,72.0,62.8,36.0
2025-10-16,18.4,50.2,63.0,54.6,55.2,34.0
2025-10-17,18.4,44.73,55.2,57.0,34.89,27.61
2025-10-18,18.25,44.0,52.0,76.0,49.12,40.0
2025-10-19,18.4,33.05,58.2,78.13,42.74,34.82
2025-10-20,18.4,53.2,55.2,57.79,40.0,44.0
2025-10-21,42.0,60.47,73.1,73.62,40.0,40.2
2025-10-22,58.67,66.0,75.0,133.16,98.56,49.08
2025-10-23,33.86,44.0,54.24,75.64,56.6,56.41
2025-10-24,40.0,53.7,100.0,99.52,88.96,57.8
2025-10-25,40.0,48.0,59.02,76.0,76.56,56.0
2025-10-26,54.22,48.0,58.0,72.0,63.6,48.0
2025-10-27,64.2,88.0,92.76,75.94,47.01,72.62
2025-10-28,64.2,88.0,92.76,75.94,47.01,72.62
2025-10-29,64.2,88.0,92.76,75.94,47.01,72.62
2025-10-30,49.16,59.06,71.6,85.85,45.88,41.23
2025-10-31,32.4,40.88,55.6,55.2,36.95,40.0
2025-11-01,33.4,34.0,61.16,67.21,56.0,45.72
2025-11-02,36.0,35.33,55.6,48.62,44.12,33.0
2025-11-03,32.0,42.5,80.0,48.0,40.0,38.0
2025-11-04,35.0,40.0,84.0,61.6,42.44,36.0
2025-11-05,40.0,40.0,62.24,64.16,41.7,33.33
2025-11-06,32.0,40.0,74.92,77.6,41.0,18.4
2025-11-07,25.58,35.3,60.0,62.0,40.0,32.0
2025-11-08,19.1,40.1,44.36,51.0,31.16,26.28
2025-11-09,18.4,21.86,23.1,22.76,18.4,19.79
2025-11-10,18.0,32.0,34.51,51.52,51.52,39.18
2025-11-11,16.25,46.5,35.0,39.56,38.0,32.0
2025-11-12,17.0,44.46,55.16,45.74,32.74,33.77
2025-11-13,23.2,50.0,63.8,60.0,28.5,26.8
2025-11-14,20.0,29.0,40.0,40.0,19.0,24.0
2025-11-15,28.0,33.88,30.0,36.21,28.11,18.78
2025-11-16,25.0,21.52,31.8,36.21,32.93,24.97
2025-11-17,25.1,36.0,49.46,40.0,39.03,23.2
2025-11-18,24.68,32.04,48.0,55.2,24.67,20.0
2025-11-19,28.44,39.47,40.0,42.28,28.45,25.99
2025-11-20,18.04,32.0,39.36,38.0,36.0,24.02
2025-11-21,23.29,28.0,28.96,36.0,34.7,17.6
2025-11-22,14.99,17.17,27.0,30.98,23.47,17.2
2025-11-23,17.5,23.9,30.1,31.0,17.4,18.0
2025-11-24,19.2,40.0,54.08,65.37,51.0,30.56
2025-11-25,19.0,51.0,63.08,74.88,59.79,26.4
2025-11-26,25.2,50.16,114.03,67.9,92.0,24.0
2025-11-27,24.81,53.56,60.69,53.33,60.12,30.16
2025-11-28,27.4,48.0,44.44,42.08,40.0,29.75
2025-11-29,25.6,31.5,36.0,32.72,34.66,29.0
2025-11-30,30.64,33.44,40.2,36.46,26.12,20.0
2025-12-01,29.0,35.32,41.52,40.0,26.0,26.4
2025-12-02,24.0,45.45,32.6,47.12,28.0,24.0
2025-12-03,24.16,44.0,47.1,54.03,55.2,24.29
2025-12-04,21.2,52.0,55.2,59.52,55.6,25.1
2025-12-05,16.1,36.0,40.0,38.3,40.0,23.06
2025-12-06,12.0,32.0,30.0,28.8,26.31,17.5
2025-12-07,16.33,45.24,29.0,25.23,24.0,22.8
2025-12-08,31.23,51.87,40.4,28.0,27.36,25.3
2025-12-09,35.36,40.0,56.0,41.19,28.0,23.5
2025-12-10,34.78,49.62,40.0,39.44,16.48,17.5
2025-12-11,34.8,48.87,36.0,36.0,20.0,17.0
2025-12-12,26.99,36.0,32.04,29.68,27.88,17.36
2025-12-13,24.0,28.0,20.79,25.96,15.12,23.68
2025-12-14,21.23,22.37,30.23,25.0,17.2,20.14
2025-12-15,22.4,32.03,34.9,36.97,15.4,18.68
2025-12-16,18.05,36.78,34.0,37.01,40.0,21.47
2025-12-17,13.29,28.8,26.57,23.06,23.68,21.0
2025-12-18,13.2,28.0,33.25,28.0,28.0,23.0
2025-12-19,24.0,29.6,13.72,15.0,13.6,15.0
2025-12-20,24.0,37.16,19.16,25.11,13.64,18.72
2025-12-21,24.85,25.57,28.0,26.52,23.98,19.68
2025-12-22,28.23,26.53,16.6,18.72,15.0,16.07
2025-12-23,29.34,26.68,15.0,16.6,14.99,20.48
2025-12-24,25.35,24.0,26.0,24.37,24.0,20.0
2025-12-25,24.0,24.47,24.12,25.45,28.0,16.07
2025-12-26,28.2,27.4,25.46,26.0,25.4,14.4
2025-12-27,19.7,18.75,21.17,19.5,19.5,13.6
2025-12-28,15.5,14.5,17.91,17.94,17.33,12.0
2025-12-29,20.8,16.0,14.5,16.77,17.33,14.5
2025-12-30,20.03,16.23,17.0,20.94,17.8,11.44
2025-12-31,16.0,17.5,13.5,17.82,16.0,15.0
