time_start,time_end,consumed_kWh,charger_true_false
2025-01-01 07:30:00,2025-01-01 08:15:00,4.5,False
2025-01-01 12:00:00,2025-01-01 12:30:00,1.2,False
2025-01-01 17:30:00,2025-01-01 18:15:00,5.0,True
2025-01-02 07:30:00,2025-01-02 08:15:00,4.5,False
2025-01-02 12:00:00,2025-01-02 12:30:00,1.2,False
2025-01-02 17:30:00,2025-01-02 18:15:00,5.0,True
2025-01-03 07:30:00,2025-01-03 08:15:00,4.5,False
2025-01-03 12:00:00,2025-01-03 12:30:00,1.2,False
2025-01-03 17:30:00,2025-01-03 18:15:00,5.0,True
2025-01-04 07:30:00,2025-01-04 08:15:00,4.5,False
2025-01-04 12:00:00,2025-01-04 12:30:00,1.2,False
2025-01-04 17:30:00,2025-01-04 18:15:00,5.0,True
2025-01-05 07:30:00,2025-01-05 08:15:00,4.5,False
2025-01-05 12:00:00,2025-01-05 12:30:00,1.2,False
2025-01-05 17:30:00,2025-01-05 18:15:00,5.0,True
2025-01-06 07:30:00,2025-01-06 08:15:00,4.5,False
2025-01-06 12:00:00,2025-01-06 12:30:00,1.2,False
2025-01-06 17:30:00,2025-01-06 18:15:00,5.0,True
2025-01-07 07:30:00,2025-01-07 08:15:00,4.5,False
2025-01-07 12:00:00,2025-01-07 12:30:00,1.2,False
2025-01-07 17:30:00,2025-01-07 18:15:00,5.0,True
2025-01-08 07:30:00,2025-01-08 08:15:00,4.5,False
2025-01-08 12:00:00,2025-01-08 12:30:00,1.2,False
2025-01-08 17:30:00,2025-01-08 18:15:00,5.0,True
2025-01-09 07:30:00,2025-01-09 08:15:00,4.5,False
2025-01-09 12:00:00,2025-01-09 12:30:00,1.2,False
2025-01-09 17:30:00,2025-01-09 18:15:00,5.0,True
2025-01-10 07:30:00,2025-01-10 08:15:00,4.5,False
2025-01-10 12:00:00,2025-01-10 12:30:00,1.2,False
2025-01-10 17:30:00,2025-01-10 18:15:00,5.0,True
2025-01-11 07:30:00,2025-01-11 08:15:00,4.5,False
2025-01-11 12:00:00,2025-01-11 12:30:00,1.2,False
2025-01-11 17:30:00,2025-01-11 18:15:00,5.0,True
2025-01-12 07:30:00,2025-01-12 08:15:00,4.5,False
2025-01-12 12:00:00,2025-01-12 12:30:00,1.2,False
2025-01-12 17:30:00,2025-01-12 18:15:00,5.0,True
2025-01-13 07:30:00,2025-01-13 08:15:00,4.5,False
2025-01-13 12:00:00,2025-01-13 12:30:00,1.2,False
2025-01-13 17:30:00,2025-01-13 18:15:00,5.0,True
2025-01-14 07:30:00,2025-01-14 08:15:00,4.5,False
2025-01-14 12:00:00,2025-01-14 12:30:00,1.2,False
2025-01-14 17:30:00,2025-01-14 18:15:00,5.0,True
2025-01-15 07:30:00,2025-01-15 08:15:00,4.5,False
2025-01-15 12:00:00,2025-01-15 12:30:00,1.2,False
2025-01-15 17:30:00,2025-01-15 18:15:00,5.0,True
2025-01-16 07:30:00,2025-01-16 08:15:00,4.5,False
2025-01-16 12:00:00,2025-01-16 12:30:00,1.2,False
2025-01-16 17:30:00,2025-01-16 18:15:00,5.0,True
2025-01-17 07:30:00,2025-01-17 08:15:00,4.5,False
2025-01-17 12:00:00,2025-01-17 12:30:00,1.2,False
2025-01-17 17:30:00,2025-01-17 18:15:00,5.0,True
2025-01-18 07:30:00,2025-01-18 08:15:00,4.5,False
2025-01-18 12:00:00,2025-01-18 12:30:00,1.2,False
2025-01-18 17:30:00,2025-01-18 18:15:00,5.0,True
2025-01-19 07:30:00,2025-01-19 08:15:00,4.5,False
2025-01-19 12:00:00,2025-01-19 12:30:00,1.2,False
2025-01-19 17:30:00,2025-01-19 18:15:00,5.0,True
2025-01-20 07:30:00,2025-01-20 08:15:00,4.5,False
2025-01-20 12:00:00,2025-01-20 12:30:00,1.2,False
2025-01-20 17:30:00,2025-01-20 18:15:00,5.0,True
2025-01-21 07:30:00,2025-01-21 08:15:00,4.5,False
2025-01-21 12:00:00,2025-01-21 12:30:00,1.2,False
2025-01-21 17:30:00,2025-01-21 18:15:00,5.0,True
2025-01-22 07:30:00,2025-01-22 08:15:00,4.5,False
2025-01-22 12:00:00,2025-01-22 12:30:00,1.2,False
2025-01-22 17:30:00,2025-01-22 18:15:00,5.0,True
2025-01-23 07:30:00,2025-01-23 08:15:00,4.5,False
2025-01-23 12:00:00,2025-01-23 12:30:00,1.2,False
2025-01-23 17:30:00,2025-01-23 18:15:00,5.0,True
2025-01-24 07:30:00,2025-01-24 08:15:00,4.5,False
2025-01-24 12:00:00,2025-01-24 12:30:00,1.2,False
2025-01-24 17:30:00,2025-01-24 18:15:00,5.0,True
2025-01-25 07:30:00,2025-01-25 08:15:00,4.5,False
2025-01-25 12:00:00,2025-01-25 12:30:00,1.2,False
2025-01-25 17:30:00,2025-01-25 18:15:00,5.0,True
2025-01-26 07:30:00,2025-01-26 08:15:00,4.5,False
2025-01-26 12:00:00,2025-01-26 12:30:00,1.2,False
2025-01-26 17:30:00,2025-01-26 18:15:00,5.0,True
2025-01-27 07:30:00,2025-01-27 08:15:00,4.5,False
2025-01-27 12:00:00,2025-01-27 12:30:00,1.2,False
2025-01-27 17:30:00,2025-01-27 18:15:00,5.0,True
2025-01-28 07:30:00,2025-01-28 08:15:00,4.5,False
2025-01-28 12:00:00,2025-01-28 12:30:00,1.2,False
2025-01-28 17:30:00,2025-01-28 18:15:00,5.0,True
2025-01-29 07:30:00,2025-01-29 08:15:00,4.5,False
2025-01-29 12:00:00,2025-01-29 12:30:00,1.2,False
2025-01-29 17:30:00,2025-01-29 18:15:00,5.0,True
2025-01-30 07:30:00,2025-01-30 08:15:00,4.5,False
2025-01-30 12:00:00,2025-01-30 12:30:00,1.2,False
2025-01-30 17:30:00,2025-01-30 18:15:00,5.0,True
2025-01-31 07:30:00,2025-01-31 08:15:00,4.5,False
2025-01-31 12:00:00,2025-01-31 12:30:00,1.2,False
2025-01-31 17:30:00,2025-01-31 18:15:00,5.0,True
2025-02-01 07:30:00,2025-02-01 08:15:00,4.5,False
2025-02-01 12:00:00,2025-02-01 12:30:00,1.2,False
2025-02-01 17:30:00,2025-02-01 18:15:00,5.0,True
2025-02-02 07:30:00,2025-02-02 08:15:00,4.5,False
2025-02-02 12:00:00,2025-02-02 12:30:00,1.2,False
2025-02-02 17:30:00,2025-02-02 18:15:00,5.0,True
2025-02-03 07:30:00,2025-02-03 08:15:00,4.5,False
2025-02-03 12:00:00,2025-02-03 12:30:00,1.2,False
2025-02-03 17:30:00,2025-02-03 18:15:00,5.0,True
2025-02-04 07:30:00,2025-02-04 08:15:00,4.5,False
2025-02-04 12:00:00,2025-02-04 12:30:00,1.2,False
2025-02-04 17:30:00,2025-02-04 18:15:00,5.0,True
2025-02-05 07:30:00,2025-02-05 08:15:00,4.5,False
2025-02-05 12:00:00,2025-02-05 12:30:00,1.2,False
2025-02-05 17:30:00,2025-02-05 18:15:00,5.0,True
2025-02-06 07:30:00,2025-02-06 08:15:00,4.5,False
2025-02-06 12:00:00,2025-02-06 12:30:00,1.2,False
2025-02-06 17:30:00,2025-02-06 18:15:00,5.0,True
2025-02-07 07:30:00,2025-02-07 08:15:00,4.5,False
2025-02-07 12:00:00,2025-02-07 12:30:00,1.2,False
2025-02-07 17:30:00,2025-02-07 18:15:00,5.0,True
2025-02-08 07:30:00,2025-02-08 08:15:00,4.5,False
2025-02-08 12:00:00,2025-02-08 12:30:00,1.2,False
2025-02-08 17:30:00,2025-02-08 18:15:00,5.0,True
2025-02-09 07:30:00,2025-02-09 08:15:00,4.5,False
2025-02-09 12:00:00,2025-02-09 12:30:00,1.2,False
2025-02-09 17:30:00,2025-02-09 18:15:00,5.0,True
2025-02-10 07:30:00,2025-02-10 08:15:00,4.5,False
2025-02-10 12:00:00,2025-02-10 12:30:00,1.2,False
2025-02-10 17:30:00,2025-02-10 18:15:00,5.0,True
2025-02-11 07:30:00,2025-02-11 08:15:00,4.5,False
2025-02-11 12:00:00,2025-02-11 12:30:00,1.2,False
2025-02-11 17:30:00,2025-02-11 18:15:00,5.0,True
2025-02-12 07:30:00,2025-02-12 08:15:00,4.5,False
2025-02-12 12:00:00,2025-02-12 12:30:00,1.2,False
2025-02-12 17:30:00,2025-02-12 18:15:00,5.0,True
2025-02-13 07:30:00,2025-02-13 08:15:00,4.5,False
2025-02-13 12:00:00,2025-02-13 12:30:00,1.2,False
2025-02-13 17:30:00,2025-02-13 18:15:00,5.0,True
2025-02-14 07:30:00,2025-02-14 08:15:00,4.5,False
2025-02-14 12:00:00,2025-02-14 12:30:00,1.2,False
2025-02-14 17:30:00,2025-02-14 18:15:00,5.0,True
2025-02-15 07:30:00,2025-02-15 08:15:00,4.5,False
2025-02-15 12:00:00,2025-02-15 12:30:00,1.2,False
2025-02-15 17:30:00,2025-02-15 18:15:00,5.0,True
2025-02-16 07:30:00,2025-02-16 08:15:00,4.5,False
2025-02-16 12:00:00,2025-02-16 12:30:00,1.2,False
2025-02-16 17:30:00,2025-02-16 18:15:00,5.0,True
2025-02-17 07:30:00,2025-02-17 08:15:00,4.5,False
2025-02-17 12:00:00,2025-02-17 12:30:00,1.2,False
2025-02-17 17:30:00,2025-02-17 18:15:00,5.0,True
2025-02-18 07:30:00,2025-02-18 08:15:00,4.5,False
2025-02-18 12:00:00,2025-02-18 12:30:00,1.2,False
2025-02-18 17:30:00,2025-02-18 18:15:00,5.0,True
2025-02-19 07:30:00,2025-02-19 08:15:00,4.5,False
2025-02-19 12:00:00,2025-02-19 12:30:00,1.2,False
2025-02-19 17:30:00,2025-02-19 18:15:00,5.0,True
2025-02-20 07:30:00,2025-02-20 08:15:00,4.5,False
2025-02-20 12:00:00,2025-02-20 12:30:00,1.2,False
2025-02-20 17:30:00,2025-02-20 18:15:00,5.0,True
2025-02-21 07:30:00,2025-02-21 08:15:00,4.5,False
2025-02-21 12:00:00,2025-02-21 12:30:00,1.2,False
2025-02-21 17:30:00,2025-02-21 18:15:00,5.0,True
2025-02-22 07:30:00,2025-02-22 08:15:00,4.5,False
2025-02-22 12:00:00,2025-02-22 12:30:00,1.2,False
2025-02-22 17:30:00,2025-02-22 18:15:00,5.0,True
2025-02-23 07:30:00,2025-02-23 08:15:00,4.5,False
2025-02-23 12:00:00,2025-02-23 12:30:00,1.2,False
2025-02-23 17:30:00,2025-02-23 18:15:00,5.0,True
2025-02-24 07:30:00,2025-02-24 08:15:00,4.5,False
2025-02-24 12:00:00,2025-02-24 12:30:00,1.2,False
2025-02-24 17:30:00,2025-02-24 18:15:00,5.0,True
2025-02-25 07:30:00,2025-02-25 08:15:00,4.5,False
2025-02-25 12:00:00,2025-02-25 12:30:00,1.2,False
2025-02-25 17:30:00,2025-02-25 18:15:00,5.0,True
2025-02-26 07:30:00,2025-02-26 08:15:00,4.5,False
2025-02-26 12:00:00,2025-02-26 12:30:00,1.2,False
2025-02-26 17:30:00,2025-02-26 18:15:00,5.0,True
2025-02-27 07:30:00,2025-02-27 08:15:00,4.5,False
2025-02-27 12:00:00,2025-02-27 12:30:00,1.2,False
2025-02-27 17:30:00,2025-02-27 18:15:00,5.0,True
2025-02-28 07:30:00,2025-02-28 08:15:00,4.5,False
2025-02-28 12:00:00,2025-02-28 12:30:00,1.2,False
2025-02-28 17:30:00,2025-02-28 18:15:00,5.0,True
2025-03-01 07:30:00,2025-03-01 08:15:00,4.5,False
2025-03-01 12:00:00,2025-03-01 12:30:00,1.2,False
2025-03-01 17:30:00,2025-03-01 18:15:00,5.0,True
2025-03-02 07:30:00,2025-03-02 08:15:00,4.5,False
2025-03-02 12:00:00,2025-03-02 12:30:00,1.2,False
2025-03-02 17:30:00,2025-03-02 18:15:00,5.0,True
2025-03-03 07:30:00,2025-03-03 08:15:00,4.5,False
2025-03-03 12:00:00,2025-03-03 12:30:00,1.2,False
2025-03-03 17:30:00,2025-03-03 18:15:00,5.0,True
2025-03-04 07:30:00,2025-03-04 08:15:00,4.5,False
2025-03-04 12:00:00,2025-03-04 12:30:00,1.2,False
2025-03-04 17:30:00,2025-03-04 18:15:00,5.0,True
2025-03-05 07:30:00,2025-03-05 08:15:00,4.5,False
2025-03-05 12:00:00,2025-03-05 12:30:00,1.2,False
2025-03-05 17:30:00,2025-03-05 18:15:00,5.0,True
2025-03-06 07:30:00,2025-03-06 08:15:00,4.5,False
2025-03-06 12:00:00,2025-03-06 12:30:00,1.2,False
2025-03-06 17:30:00,2025-03-06 18:15:00,5.0,True
2025-03-07 07:30:00,2025-03-07 08:15:00,4.5,False
2025-03-07 12:00:00,2025-03-07 12:30:00,1.2,False
2025-03-07 17:30:00,2025-03-07 18:15:00,5.0,True
2025-03-08 07:30:00,2025-03-08 08:15:00,4.5,False
2025-03-08 12:00:00,2025-03-08 12:30:00,1.2,False
2025-03-08 17:30:00,2025-03-08 18:15:00,5.0,True
2025-03-09 07:30:00,2025-03-09 08:15:00,4.5,False
2025-03-09 12:00:00,2025-03-09 12:30:00,1.2,False
2025-03-09 17:30:00,2025-03-09 18:15:00,5.0,True
2025-03-10 07:30:00,2025-03-10 08:15:00,4.5,False
2025-03-10 12:00:00,2025-03-10 12:30:00,1.2,False
2025-03-10 17:30:00,2025-03-10 18:15:00,5.0,True
2025-03-11 07:30:00,2025-03-11 08:15:00,4.5,False
2025-03-11 12:00:00,2025-03-11 12:30:00,1.2,False
2025-03-11 17:30:00,2025-03-11 18:15:00,5.0,True
2025-03-12 07:30:00,2025-03-12 08:15:00,4.5,False
2025-03-12 12:00:00,2025-03-12 12:30:00,1.2,False
2025-03-12 17:30:00,2025-03-12 18:15:00,5.0,True
2025-03-13 07:30:00,2025-03-13 08:15:00,4.5,False
2025-03-13 12:00:00,2025-03-13 12:30:00,1.2,False
2025-03-13 17:30:00,2025-03-13 18:15:00,5.0,True
2025-03-14 07:30:00,2025-03-14 08:15:00,4.5,False
2025-03-14 12:00:00,2025-03-14 12:30:00,1.2,False
2025-03-14 17:30:00,2025-03-14 18:15:00,5.0,True
2025-03-15 07:30:00,2025-03-15 08:15:00,4.5,False
2025-03-15 12:00:00,2025-03-15 12:30:00,1.2,False
2025-03-15 17:30:00,2025-03-15 18:15:00,5.0,True
2025-03-16 07:30:00,2025-03-16 08:15:00,4.5,False
2025-03-16 12:00:00,2025-03-16 12:30:00,1.2,False
2025-03-16 17:30:00,2025-03-16 18:15:00,5.0,True
2025-03-17 07:30:00,2025-03-17 08:15:00,4.5,False
2025-03-17 12:00:00,2025-03-17 12:30:00,1.2,False
2025-03-17 17:30:00,2025-03-17 18:15:00,5.0,True
2025-03-18 07:30:00,2025-03-18 08:15:00,4.5,False
2025-03-18 12:00:00,2025-03-18 12:30:00,1.2,False
2025-03-18 17:30:00,2025-03-18 18:15:00,5.0,True
2025-03-19 07:30:00,2025-03-19 08:15:00,4.5,False
2025-03-19 12:00:00,2025-03-19 12:30:00,1.2,False
2025-03-19 17:30:00,2025-03-19 18:15:00,5.0,True
2025-03-20 07:30:00,2025-03-20 08:15:00,4.5,False
2025-03-20 12:00:00,2025-03-20 12:30:00,1.2,False
2025-03-20 17:30:00,2025-03-20 18:15:00,5.0,True
2025-03-21 07:30:00,2025-03-21 08:15:00,4.5,False
2025-03-21 12:00:00,2025-03-21 12:30:00,1.2,False
2025-03-21 17:30:00,2025-03-21 18:15:00,5.0,True
2025-03-22 07:30:00,2025-03-22 08:15:00,4.5,False
2025-03-22 12:00:00,2025-03-22 12:30:00,1.2,False
2025-03-22 17:30:00,2025-03-22 18:15:00,5.0,True
2025-03-23 07:30:00,2025-03-23 08:15:00,4.5,False
2025-03-23 12:00:00,2025-03-23 12:30:00,1.2,False
2025-03-23 17:30:00,2025-03-23 18:15:00,5.0,True
2025-03-24 07:30:00,2025-03-24 08:15:00,4.5,False
2025-03-24 12:00:00,2025-03-24 12:30:00,1.2,False
2025-03-24 17:30:00,2025-03-24 18:15:00,5.0,True
2025-03-25 07:30:00,2025-03-25 08:15:00,4.5,False
2025-03-25 12:00:00,2025-03-25 12:30:00,1.2,False
2025-03-25 17:30:00,2025-03-25 18:15:00,5.0,True
2025-03-26 07:30:00,2025-03-26 08:15:00,4.5,False
2025-03-26 12:00:00,2025-03-26 12:30:00,1.2,False
2025-03-26 17:30:00,2025-03-26 18:15:00,5.0,True
2025-03-27 07:30:00,2025-03-27 08:15:00,4.5,False
2025-03-27 12:00:00,2025-03-27 12:30:00,1.2,False
2025-03-27 17:30:00,2025-03-27 18:15:00,5.0,True
2025-03-28 07:30:00,2025-03-28 08:15:00,4.5,False
2025-03-28 12:00:00,2025-03-28 12:30:00,1.2,False
2025-03-28 17:30:00,2025-03-28 18:15:00,5.0,True
2025-03-29 07:30:00,2025-03-29 08:15:00,4.5,False
2025-03-29 12:00:00,2025-03-29 12:30:00,1.2,False
2025-03-29 17:30:00,2025-03-29 18:15:00,5.0,True
2025-03-30 07:30:00,2025-03-30 08:15:00,4.5,False
2025-03-30 12:00:00,2025-03-30 12:30:00,1.2,False
2025-03-30 17:30:00,2025-03-30 18:15:00,5.0,True
2025-03-31 07:30:00,2025-03-31 08:15:00,4.5,False
2025-03-31 12:00:00,2025-03-31 12:30:00,1.2,False
2025-03-31 17:30:00,2025-03-31 18:15:00,5.0,True
2025-04-01 07:30:00,2025-04-01 08:15:00,4.5,False
2025-04-01 12:00:00,2025-04-01 12:30:00,1.2,False
2025-04-01 17:30:00,2025-04-01 18:15:00,5.0,True
2025-04-02 07:30:00,2025-04-02 08:15:00,4.5,False
2025-04-02 12:00:00,2025-04-02 12:30:00,1.2,False
2025-04-02 17:30:00,2025-04-02 18:15:00,5.0,True
2025-04-03 07:30:00,2025-04-03 08:15:00,4.5,False
2025-04-03 12:00:00,2025-04-03 12:30:00,1.2,False
2025-04-03 17:30:00,2025-04-03 18:15:00,5.0,True
2025-04-04 07:30:00,2025-04-04 08:15:00,4.5,False
2025-04-04 12:00:00,2025-04-04 12:30:00,1.2,False
2025-04-04 17:30:00,2025-04-04 18:15:00,5.0,True
2025-04-05 07:30:00,2025-04-05 08:15:00,4.5,False
2025-04-05 12:00:00,2025-04-05 12:30:00,1.2,False
2025-04-05 17:30:00,2025-04-05 18:15:00,5.0,True
2025-04-06 07:30:00,2025-04-06 08:15:00,4.5,False
2025-04-06 12:00:00,2025-04-06 12:30:00,1.2,False
2025-04-06 17:30:00,2025-04-06 18:15:00,5.0,True
2025-04-07 07:30:00,2025-04-07 08:15:00,4.5,False
2025-04-07 12:00:00,2025-04-07 12:30:00,1.2,False
2025-04-07 17:30:00,2025-04-07 18:15:00,5.0,True
2025-04-08 07:30:00,2025-04-08 08:15:00,4.5,False
2025-04-08 12:00:00,2025-04-08 12:30:00,1.2,False
2025-04-08 17:30:00,2025-04-08 18:15:00,5.0,True
2025-04-09 07:30:00,2025-04-09 08:15:00,4.5,False
2025-04-09 12:00:00,2025-04-09 12:30:00,1.2,False
2025-04-09 17:30:00,2025-04-09 18:15:00,5.0,True
2025-04-10 07:30:00,2025-04-10 08:15:00,4.5,False
2025-04-10 12:00:00,2025-04-10 12:30:00,1.2,False
2025-04-10 17:30:00,2025-04-10 18:15:00,5.0,True
2025-04-11 07:30:00,2025-04-11 08:15:00,4.5,False
2025-04-11 12:00:00,2025-04-11 12:30:00,1.2,False
2025-04-11 17:30:00,2025-04-11 18:15:00,5.0,True
2025-04-12 07:30:00,2025-04-12 08:15:00,4.5,False
2025-04-12 12:00:00,2025-04-12 12:30:00,1.2,False
2025-04-12 17:30:00,2025-04-12 18:15:00,5.0,True
2025-04-13 07:30:00,2025-04-13 08:15:00,4.5,False
2025-04-13 12:00:00,2025-04-13 12:30:00,1.2,False
2025-04-13 17:30:00,2025-04-13 18:15:00,5.0,True
2025-04-14 07:30:00,2025-04-14 08:15:00,4.5,False
2025-04-14 12:00:00,2025-04-14 12:30:00,1.2,False
2025-04-14 17:30:00,2025-04-14 18:15:00,5.0,True
2025-04-15 07:30:00,2025-04-15 08:15:00,4.5,False
2025-04-15 12:00:00,2025-04-15 12:30:00,1.2,False
2025-04-15 17:30:00,2025-04-15 18:15:00,5.0,True
2025-04-16 07:30:00,2025-04-16 08:15:00,4.5,False
2025-04-16 12:00:00,2025-04-16 12:30:00,1.2,False
2025-04-16 17:30:00,2025-04-16 18:15:00,5.0,True
2025-04-17 07:30:00,2025-04-17 08:15:00,4.5,False
2025-04-17 12:00:00,2025-04-17 12:30:00,1.2,False
2025-04-17 17:30:00,2025-04-17 18:15:00,5.0,True
2025-04-18 07:30:00,2025-04-18 08:15:00,4.5,False
2025-04-18 12:00:00,2025-04-18 12:30:00,1.2,False
2025-04-18 17:30:00,2025-04-18 18:15:00,5.0,True
2025-04-19 07:30:00,2025-04-19 08:15:00,4.5,False
2025-04-19 12:00:00,2025-04-19 12:30:00,1.2,False
2025-04-19 17:30:00,2025-04-19 18:15:00,5.0,True
2025-04-20 07:30:00,2025-04-20 08:15:00,4.5,False
2025-04-20 12:00:00,2025-04-20 12:30:00,1.2,False
2025-04-20 17:30:00,2025-04-20 18:15:00,5.0,True
2025-04-21 07:30:00,2025-04-21 08:15:00,4.5,False
2025-04-21 12:00:00,2025-04-21 12:30:00,1.2,False
2025-04-21 17:30:00,2025-04-21 18:15:00,5.0,True
2025-04-22 07:30:00,2025-04-22 08:15:00,4.5,False
2025-04-22 12:00:00,2025-04-22 12:30:00,1.2,False
2025-04-22 17:30:00,2025-04-22 18:15:00,5.0,True
2025-04-23 07:30:00,2025-04-23 08:15:00,4.5,False
2025-04-23 12:00:00,2025-04-23 12:30:00,1.2,False
2025-04-23 17:30:00,2025-04-23 18:15:00,5.0,True
2025-04-24 07:30:00,2025-04-24 08:15:00,4.5,False
2025-04-24 12:00:00,2025-04-24 12:30:00,1.2,False
2025-04-24 17:30:00,2025-04-24 18:15:00,5.0,True
2025-04-25 07:30:00,2025-04-25 08:15:00,4.5,False
2025-04-25 12:00:00,2025-04-25 12:30:00,1.2,False
2025-04-25 17:30:00,2025-04-25 18:15:00,5.0,True
2025-04-26 07:30:00,2025-04-26 08:15:00,4.5,False
2025-04-26 12:00:00,2025-04-26 12:30:00,1.2,False
2025-04-26 17:30:00,2025-04-26 18:15:00,5.0,True
2025-04-27 07:30:00,2025-04-27 08:15:00,4.5,False
2025-04-27 12:00:00,2025-04-27 12:30:00,1.2,False
2025-04-27 17:30:00,2025-04-27 18:15:00,5.0,True
2025-04-28 07:30:00,2025-04-28 08:15:00,4.5,False
2025-04-28 12:00:00,2025-04-28 12:30:00,1.2,False
2025-04-28 17:30:00,2025-04-28 18:15:00,5.0,True
2025-04-29 07:30:00,2025-04-29 08:15:00,4.5,False
2025-04-29 12:00:00,2025-04-29 12:30:00,1.2,False
2025-04-29 17:30:00,2025-04-29 18:15:00,5.0,True
2025-04-30 07:30:00,2025-04-30 08:15:00,4.5,False
2025-04-30 12:00:00,2025-04-30 12:30:00,1.2,False
2025-04-30 17:30:00,2025-04-30 18:15:00,5.0,True
2025-05-01 07:30:00,2025-05-01 08:15:00,4.5,False
2025-05-01 12:00:00,2025-05-01 12:30:00,1.2,False
2025-05-01 17:30:00,2025-05-01 18:15:00,5.0,True
2025-05-02 07:30:00,2025-05-02 08:15:00,4.5,False
2025-05-02 12:00:00,2025-05-02 12:30:00,1.2,False
2025-05-02 17:30:00,2025-05-02 18:15:00,5.0,True
2025-05-03 07:30:00,2025-05-03 08:15:00,4.5,False
2025-05-03 12:00:00,2025-05-03 12:30:00,1.2,False
2025-05-03 17:30:00,2025-05-03 18:15:00,5.0,True
2025-05-04 07:30:00,2025-05-04 08:15:00,4.5,False
2025-05-04 12:00:00,2025-05-04 12:30:00,1.2,False
2025-05-04 17:30:00,2025-05-04 18:15:00,5.0,True
2025-05-05 07:30:00,2025-05-05 08:15:00,4.5,False
2025-05-05 12:00:00,2025-05-05 12:30:00,1.2,False
2025-05-05 17:30:00,2025-05-05 18:15:00,5.0,True
2025-05-06 07:30:00,2025-05-06 08:15:00,4.5,False
2025-05-06 12:00:00,2025-05-06 12:30:00,1.2,False
2025-05-06 17:30:00,2025-05-06 18:15:00,5.0,True
2025-05-07 07:30:00,2025-05-07 08:15:00,4.5,False
2025-05-07 12:00:00,2025-05-07 12:30:00,1.2,False
2025-05-07 17:30:00,2025-05-07 18:15:00,5.0,True
2025-05-08 07:30:00,2025-05-08 08:15:00,4.5,False
2025-05-08 12:00:00,2025-05-08 12:30:00,1.2,False
2025-05-08 17:30:00,2025-05-08 18:15:00,5.0,True
2025-05-09 07:30:00,2025-05-09 08:15:00,4.5,False
2025-05-09 12:00:00,2025-05-09 12:30:00,1.2,False
2025-05-09 17:30:00,2025-05-09 18:15:00,5.0,True
2025-05-10 07:30:00,2025-05-10 08:15:00,4.5,False
2025-05-10 12:00:00,2025-05-10 12:30:00,1.2,False
2025-05-10 17:30:00,2025-05-10 18:15:00,5.0,True
2025-05-11 07:30:00,2025-05-11 08:15:00,4.5,False
2025-05-11 12:00:00,2025-05-11 12:30:00,1.2,False
2025-05-11 17:30:00,2025-05-11 18:15:00,5.0,True
2025-05-12 07:30:00,2025-05-12 08:15:00,4.5,False
2025-05-12 12:00:00,2025-05-12 12:30:00,1.2,False
2025-05-12 17:30:00,2025-05-12 18:15:00,5.0,True
2025-05-13 07:30:00,2025-05-13 08:15:00,4.5,False
2025-05-13 12:00:00,2025-05-13 12:30:00,1.2,False
2025-05-13 17:30:00,2025-05-13 18:15:00,5.0,True
2025-05-14 07:30:00,2025-05-14 08:15:00,4.5,False
2025-05-14 12:00:00,2025-05-14 12:30:00,1.2,False
2025-05-14 17:30:00,2025-05-14 18:15:00,5.0,True
2025-05-15 07:30:00,2025-05-15 08:15:00,4.5,False
2025-05-15 12:00:00,2025-05-15 12:30:00,1.2,False
2025-05-15 17:30:00,2025-05-15 18:15:00,5.0,True
2025-05-16 07:30:00,2025-05-16 08:15:00,4.5,False
2025-05-16 12:00:00,2025-05-16 12:30:00,1.2,False
2025-05-16 17:30:00,2025-05-16 18:15:00,5.0,True
2025-05-17 07:30:00,2025-05-17 08:15:00,4.5,False
2025-05-17 12:00:00,2025-05-17 12:30:00,1.2,False
2025-05-17 17:30:00,2025-05-17 18:15:00,5.0,True
2025-05-18 07:30:00,2025-05-18 08:15:00,4.5,False
2025-05-18 12:00:00,2025-05-18 12:30:00,1.2,False
2025-05-18 17:30:00,2025-05-18 18:15:00,5.0,True
2025-05-19 07:30:00,2025-05-19 08:15:00,4.5,False
2025-05-19 12:00:00,2025-05-19 12:30:00,1.2,False
2025-05-19 17:30:00,2025-05-19 18:15:00,5.0,True
2025-05-20 07:30:00,2025-05-20 08:15:00,4.5,False
2025-05-20 12:00:00,2025-05-20 12:30:00,1.2,False
2025-05-20 17:30:00,2025-05-20 18:15:00,5.0,True
2025-05-21 07:30:00,2025-05-21 08:15:00,4.5,False
2025-05-21 12:00:00,2025-05-21 12:30:00,1.2,False
2025-05-21 17:30:00,2025-05-21 18:15:00,5.0,True
2025-05-22 07:30:00,2025-05-22 08:15:00,4.5,False
2025-05-22 12:00:00,2025-05-22 12:30:00,1.2,False
2025-05-22 17:30:00,2025-05-22 18:15:00,5.0,True
2025-05-23 07:30:00,2025-05-23 08:15:00,4.5,False
2025-05-23 12:00:00,2025-05-23 12:30:00,1.2,False
2025-05-23 17:30:00,2025-05-23 18:15:00,5.0,True
2025-05-24 07:30:00,2025-05-24 08:15:00,4.5,False
2025-05-24 12:00:00,2025-05-24 12:30:00,1.2,False
2025-05-24 17:30:00,2025-05-24 18:15:00,5.0,True
2025-05-25 07:30:00,2025-05-25 08:15:00,4.5,False
2025-05-25 12:00:00,2025-05-25 12:30:00,1.2,False
2025-05-25 17:30:00,2025-05-25 18:15:00,5.0,True
2025-05-26 07:30:00,2025-05-26 08:15:00,4.5,False
2025-05-26 12:00:00,2025-05-26 12:30:00,1.2,False
2025-05-26 17:30:00,2025-05-26 18:15:00,5.0,True
2025-05-27 07:30:00,2025-05-27 08:15:00,4.5,False
2025-05-27 12:00:00,2025-05-27 12:30:00,1.2,False
2025-05-27 17:30:00,2025-05-27 18:15:00,5.0,True
2025-05-28 07:30:00,2025-05-28 08:15:00,4.5,False
2025-05-28 12:00:00,2025-05-28 12:30:00,1.2,False
2025-05-28 17:30:00,2025-05-28 18:15:00,5.0,True
2025-05-29 07:30:00,2025-05-29 08:15:00,4.5,False
2025-05-29 12:00:00,2025-05-29 12:30:00,1.2,False
2025-05-29 17:30:00,2025-05-29 18:15:00,5.0,True
2025-05-30 07:30:00,2025-05-30 08:15:00,4.5,False
2025-05-30 12:00:00,2025-05-30 12:30:00,1.2,False
2025-05-30 17:30:00,2025-05-30 18:15:00,5.0,True
2025-05-31 07:30:00,2025-05-31 08:15:00,4.5,False
2025-05-31 12:00:00,2025-05-31 12:30:00,1.2,False
2025-05-31 17:30:00,2025-05-31 18:15:00,5.0,True
2025-06-01 07:30:00,2025-06-01 08:15:00,4.5,False
2025-06-01 12:00:00,2025-06-01 12:30:00,1.2,False
2025-06-01 17:30:00,2025-06-01 18:15:00,5.0,True
2025-06-02 07:30:00,2025-06-02 08:15:00,4.5,False
2025-06-02 12:00:00,2025-06-02 12:30:00,1.2,False
2025-06-02 17:30:00,2025-06-02 18:15:00,5.0,True
2025-06-03 07:30:00,2025-06-03 08:15:00,4.5,False
2025-06-03 12:00:00,2025-06-03 12:30:00,1.2,False
2025-06-03 17:30:00,2025-06-03 18:15:00,5.0,True
2025-06-04 07:30:00,2025-06-04 08:15:00,4.5,False
2025-06-04 12:00:00,2025-06-04 12:30:00,1.2,False
2025-06-04 17:30:00,2025-06-04 18:15:00,5.0,True
2025-06-05 07:30:00,2025-06-05 08:15:00,4.5,False
2025-06-05 12:00:00,2025-06-05 12:30:00,1.2,False
2025-06-05 17:30:00,2025-06-05 18:15:00,5.0,True
2025-06-06 07:30:00,2025-06-06 08:15:00,4.5,False
2025-06-06 12:00:00,2025-06-06 12:30:00,1.2,False
2025-06-06 17:30:00,2025-06-06 18:15:00,5.0,True
2025-06-07 07:30:00,2025-06-07 08:15:00,4.5,False
2025-06-07 12:00:00,2025-06-07 12:30:00,1.2,False
2025-06-07 17:30:00,2025-06-07 18:15:00,5.0,True
2025-06-08 07:30:00,2025-06-08 08:15:00,4.5,False
2025-06-08 12:00:00,2025-06-08 12:30:00,1.2,False
2025-06-08 17:30:00,2025-06-08 18:15:00,5.0,True
2025-06-09 07:30:00,2025-06-09 08:15:00,4.5,False
2025-06-09 12:00:00,2025-06-09 12:30:00,1.2,False
2025-06-09 17:30:00,2025-06-09 18:15:00,5.0,True
2025-06-10 07:30:00,2025-06-10 08:15:00,4.5,False
2025-06-10 12:00:00,2025-06-10 12:30:00,1.2,False
2025-06-10 17:30:00,2025-06-10 18:15:00,5.0,True
2025-06-11 07:30:00,2025-06-11 08:15:00,4.5,False
2025-06-11 12:00:00,2025-06-11 12:30:00,1.2,False
2025-06-11 17:30:00,2025-06-11 18:15:00,5.0,True
2025-06-12 07:30:00,2025-06-12 08:15:00,4.5,False
2025-06-12 12:00:00,2025-06-12 12:30:00,1.2,False
2025-06-12 17:30:00,2025-06-12 18:15:00,5.0,True
2025-06-13 07:30:00,2025-06-13 08:15:00,4.5,False
2025-06-13 12:00:00,2025-06-13 12:30:00,1.2,False
2025-06-13 17:30:00,2025-06-13 18:15:00,5.0,True
2025-06-14 07:30:00,2025-06-14 08:15:00,4.5,False
2025-06-14 12:00:00,2025-06-14 12:30:00,1.2,False
2025-06-14 17:30:00,2025-06-14 18:15:00,5.0,True
2025-06-15 07:30:00,2025-06-15 08:15:00,4.5,False
2025-06-15 12:00:00,2025-06-15 12:30:00,1.2,False
2025-06-15 17:30:00,2025-06-15 18:15:00,5.0,True
2025-06-16 07:30:00,2025-06-16 08:15:00,4.5,False
2025-06-16 12:00:00,2025-06-16 12:30:00,1.2,False
2025-06-16 17:30:00,2025-06-16 18:15:00,5.0,True
2025-06-17 07:30:00,2025-06-17 08:15:00,4.5,False
2025-06-17 12:00:00,2025-06-17 12:30:00,1.2,False
2025-06-17 17:30:00,2025-06-17 18:15:00,5.0,True
2025-06-18 07:30:00,2025-06-18 08:15:00,4.5,False
2025-06-18 12:00:00,2025-06-18 12:30:00,1.2,False
2025-06-18 17:30:00,2025-06-18 18:15:00,5.0,True
2025-06-19 07:30:00,2025-06-19 08:15:00,4.5,False
2025-06-19 12:00:00,2025-06-19 12:30:00,1.2,False
2025-06-19 17:30:00,2025-06-19 18:15:00,5.0,True
2025-06-20 07:30:00,2025-06-20 08:15:00,4.5,False
2025-06-20 12:00:00,2025-06-20 12:30:00,1.2,False
2025-06-20 17:30:00,2025-06-20 18:15:00,5.0,True
2025-06-21 07:30:00,2025-06-21 08:15:00,4.5,False
2025-06-21 12:00:00,2025-06-21 12:30:00,1.2,False
2025-06-21 17:30:00,2025-06-21 18:15:00,5.0,True
2025-06-22 07:30:00,2025-06-22 08:15:00,4.5,False
2025-06-22 12:00:00,2025-06-22 12:30:00,1.2,False
2025-06-22 17:30:00,2025-06-22 18:15:00,5.0,True
2025-06-23 07:30:00,2025-06-23 08:15:00,4.5,False
2025-06-23 12:00:00,2025-06-23 12:30:00,1.2,False
2025-06-23 17:30:00,2025-06-23 18:15:00,5.0,True
2025-06-24 07:30:00,2025-06-24 08:15:00,4.5,False
2025-06-24 12:00:00,2025-06-24 12:30:00,1.2,False
2025-06-24 17:30:00,2025-06-24 18:15:00,5.0,True
2025-06-25 07:30:00,2025-06-25 08:15:00,4.5,False
2025-06-25 12:00:00,2025-06-25 12:30:00,1.2,False
2025-06-25 17:30:00,2025-06-25 18:15:00,5.0,True
2025-06-26 07:30:00,2025-06-26 08:15:00,4.5,False
2025-06-26 12:00:00,2025-06-26 12:30:00,1.2,False
2025-06-26 17:30:00,2025-06-26 18:15:00,5.0,True
2025-06-27 07:30:00,2025-06-27 08:15:00,4.5,False
2025-06-27 12:00:00,2025-06-27 12:30:00,1.2,False
2025-06-27 17:30:00,2025-06-27 18:15:00,5.0,True
2025-06-28 07:30:00,2025-06-28 08:15:00,4.5,False
2025-06-28 12:00:00,2025-06-28 12:30:00,1.2,False
2025-06-28 17:30:00,2025-06-28 18:15:00,5.0,True
2025-06-29 07:30:00,2025-06-29 08:15:00,4.5,False
2025-06-29 12:00:00,2025-06-29 12:30:00,1.2,False
2025-06-29 17:30:00,2025-06-29 18:15:00,5.0,True
2025-06-30 07:30:00,2025-06-30 08:15:00,4.5,False
2025-06-30 12:00:00,2025-06-30 12:30:00,1.2,False
2025-06-30 17:30:00,2025-06-30 18:15:00,5.0,True
2025-07-01 07:30:00,2025-07-01 08:15:00,4.5,False
2025-07-01 12:00:00,2025-07-01 12:30:00,1.2,False
2025-07-01 17:30:00,2025-07-01 18:15:00,5.0,True
2025-07-02 07:30:00,2025-07-02 08:15:00,4.5,False
2025-07-02 12:00:00,2025-07-02 12:30:00,1.2,False
2025-07-02 17:30:00,2025-07-02 18:15:00,5.0,True
2025-07-03 07:30:00,2025-07-03 08:15:00,4.5,False
2025-07-03 12:00:00,2025-07-03 12:30:00,1.2,False
2025-07-03 17:30:00,2025-07-03 18:15:00,5.0,True
2025-07-04 07:30:00,2025-07-04 08:15:00,4.5,False
2025-07-04 12:00:00,2025-07-04 12:30:00,1.2,False
2025-07-04 17:30:00,2025-07-04 18:15:00,5.0,True
2025-07-05 07:30:00,2025-07-05 08:15:00,4.5,False
2025-07-05 12:00:00,2025-07-05 12:30:00,1.2,False
2025-07-05 17:30:00,2025-07-05 18:15:00,5.0,True
2025-07-06 07:30:00,2025-07-06 08:15:00,4.5,False
2025-07-06 12:00:00,2025-07-06 12:30:00,1.2,False
2025-07-06 17:30:00,2025-07-06 18:15:00,5.0,True
2025-07-07 07:30:00,2025-07-07 08:15:00,4.5,False
2025-07-07 12:00:00,2025-07-07 12:30:00,1.2,False
2025-07-07 17:30:00,2025-07-07 18:15:00,5.0,True
2025-07-08 07:30:00,2025-07-08 08:15:00,4.5,False
2025-07-08 12:00:00,2025-07-08 12:30:00,1.2,False
2025-07-08 17:30:00,2025-07-08 18:15:00,5.0,True
2025-07-09 07:30:00,2025-07-09 08:15:00,4.5,False
2025-07-09 12:00:00,2025-07-09 12:30:00,1.2,False
2025-07-09 17:30:00,2025-07-09 18:15:00,5.0,True
2025-07-10 07:30:00,2025-07-10 08:15:00,4.5,False
2025-07-10 12:00:00,2025-07-10 12:30:00,1.2,False
2025-07-10 17:30:00,2025-07-10 18:15:00,5.0,True
2025-07-11 07:30:00,2025-07-11 08:15:00,4.5,False
2025-07-11 12:00:00,2025-07-11 12:30:00,1.2,False
2025-07-11 17:30:00,2025-07-11 18:15:00,5.0,True
2025-07-12 07:30:00,2025-07-12 08:15:00,4.5,False
2025-07-12 12:00:00,2025-07-12 12:30:00,1.2,False
2025-07-12 17:30:00,2025-07-12 18:15:00,5.0,True
2025-07-13 07:30:00,2025-07-13 08:15:00,4.5,False
2025-07-13 12:00:00,2025-07-13 12:30:00,1.2,False
2025-07-13 17:30:00,2025-07-13 18:15:00,5.0,True
2025-07-14 07:30:00,2025-07-14 08:15:00,4.5,False
2025-07-14 12:00:00,2025-07-14 12:30:00,1.2,False
2025-07-14 17:30:00,2025-07-14 18:15:00,5.0,True
2025-07-15 07:30:00,2025-07-15 08:15:00,4.5,False
2025-07-15 12:00:00,2025-07-15 12:30:00,1.2,False
2025-07-15 17:30:00,2025-07-15 18:15:00,5.0,True
2025-07-16 07:30:00,2025-07-16 08:15:00,4.5,False
2025-07-16 12:00:00,2025-07-16 12:30:00,1.2,False
2025-07-16 17:30:00,2025-07-16 18:15:00,5.0,True
2025-07-17 07:30:00,2025-07-17 08:15:00,4.5,False
2025-07-17 12:00:00,2025-07-17 12:30:00,1.2,False
2025-07-17 17:30:00,2025-07-17 18:15:00,5.0,True
2025-07-18 07:30:00,2025-07-18 08:15:00,4.5,False
2025-07-18 12:00:00,2025-07-18 12:30:00,1.2,False
2025-07-18 17:30:00,2025-07-18 18:15:00,5.0,True
2025-07-19 07:30:00,2025-07-19 08:15:00,4.5,False
2025-07-19 12:00:00,2025-07-19 12:30:00,1.2,False
2025-07-19 17:30:00,2025-07-19 18:15:00,5.0,True
2025-07-20 07:30:00,2025-07-20 08:15:00,4.5,False
2025-07-20 12:00:00,2025-07-20 12:30:00,1.2,False
2025-07-20 17:30:00,2025-07-20 18:15:00,5.0,True
2025-07-21 07:30:00,2025-07-21 08:15:00,4.5,False
2025-07-21 12:00:00,2025-07-21 12:30:00,1.2,False
2025-07-21 17:30:00,2025-07-21 18:15:00,5.0,True
2025-07-22 07:30:00,2025-07-22 08:15:00,4.5,False
2025-07-22 12:00:00,2025-07-22 12:30:00,1.2,False
2025-07-22 17:30:00,2025-07-22 18:15:00,5.0,True
2025-07-23 07:30:00,2025-07-23 08:15:00,4.5,False
2025-07-23 12:00:00,2025-07-23 12:30:00,1.2,False
2025-07-23 17:30:00,2025-07-23 18:15:00,5.0,True
2025-07-24 07:30:00,2025-07-24 08:15:00,4.5,False
2025-07-24 12:00:00,2025-07-24 12:30:00,1.2,False
2025-07-24 17:30:00,2025-07-24 18:15:00,5.0,True
2025-07-25 07:30:00,2025-07-25 08:15:00,4.5,False
2025-07-25 12:00:00,2025-07-25 12:30:00,1.2,False
2025-07-25 17:30:00,2025-07-25 18:15:00,5.0,True
2025-07-26 07:30:00,2025-07-26 08:15:00,4.5,False
2025-07-26 12:00:00,2025-07-26 12:30:00,1.2,False
2025-07-26 17:30:00,2025-07-26 18:15:00,5.0,True
2025-07-27 07:30:00,2025-07-27 08:15:00,4.5,False
2025-07-27 12:00:00,2025-07-27 12:30:00,1.2,False
2025-07-27 17:30:00,2025-07-27 18:15:00,5.0,True
2025-07-28 07:30:00,2025-07-28 08:15:00,4.5,False
2025-07-28 12:00:00,2025-07-28 12:30:00,1.2,False
2025-07-28 17:30:00,2025-07-28 18:15:00,5.0,True
2025-07-29 07:30:00,2025-07-29 08:15:00,4.5,False
2025-07-29 12:00:00,2025-07-29 12:30:00,1.2,False
2025-07-29 17:30:00,2025-07-29 18:15:00,5.0,True
2025-07-30 07:30:00,2025-07-30 08:15:00,4.5,False
2025-07-30 12:00:00,2025-07-30 12:30:00,1.2,False
2025-07-30 17:30:00,2025-07-30 18:15:00,5.0,True
2025-07-31 07:30:00,2025-07-31 08:15:00,4.5,False
2025-07-31 12:00:00,2025-07-31 12:30:00,1.2,False
2025-07-31 17:30:00,2025-07-31 18:15:00,5.0,True
2025-08-01 07:30:00,2025-08-01 08:15:00,4.5,False
2025-08-01 12:00:00,2025-08-01 12:30:00,1.2,False
2025-08-01 17:30:00,2025-08-01 18:15:00,5.0,True
2025-08-02 07:30:00,2025-08-02 08:15:00,4.5,False
2025-08-02 12:00:00,2025-08-02 12:30:00,1.2,False
2025-08-02 17:30:00,2025-08-02 18:15:00,5.0,True
2025-08-03 07:30:00,2025-08-03 08:15:00,4.5,False
2025-08-03 12:00:00,2025-08-03 12:30:00,1.2,False
2025-08-03 17:30:00,2025-08-03 18:15:00,5.0,True
2025-08-04 07:30:00,2025-08-04 08:15:00,4.5,False
2025-08-04 12:00:00,2025-08-04 12:30:00,1.2,False
2025-08-04 17:30:00,2025-08-04 18:15:00,5.0,True
2025-08-05 07:30:00,2025-08-05 08:15:00,4.5,False
2025-08-05 12:00:00,2025-08-05 12:30:00,1.2,False
2025-08-05 17:30:00,2025-08-05 18:15:00,5.0,True
2025-08-06 07:30:00,2025-08-06 08:15:00,4.5,False
2025-08-06 12:00:00,2025-08-06 12:30:00,1.2,False
2025-08-06 17:30:00,2025-08-06 18:15:00,5.0,True
2025-08-07 07:30:00,2025-08-07 08:15:00,4.5,False
2025-08-07 12:00:00,2025-08-07 12:30:00,1.2,False
2025-08-07 17:30:00,2025-08-07 18:15:00,5.0,True
2025-08-08 07:30:00,2025-08-08 08:15:00,4.5,False
2025-08-08 12:00:00,2025-08-08 12:30:00,1.2,False
2025-08-08 17:30:00,2025-08-08 18:15:00,5.0,True
2025-08-09 07:30:00,2025-08-09 08:15:00,4.5,False
2025-08-09 12:00:00,2025-08-09 12:30:00,1.2,False
2025-08-09 17:30:00,2025-08-09 18:15:00,5.0,True
2025-08-10 07:30:00,2025-08-10 08:15:00,4.5,False
2025-08-10 12:00:00,2025-08-10 12:30:00,1.2,False
2025-08-10 17:30:00,2025-08-10 18:15:00,5.0,True
2025-08-11 07:30:00,2025-08-11 08:15:00,4.5,False
2025-08-11 12:00:00,2025-08-11 12:30:00,1.2,False
2025-08-11 17:30:00,2025-08-11 18:15:00,5.0,True
2025-08-12 07:30:00,2025-08-12 08:15:00,4.5,False
2025-08-12 12:00:00,2025-08-12 12:30:00,1.2,False
2025-08-12 17:30:00,2025-08-12 18:15:00,5.0,True
2025-08-13 07:30:00,2025-08-13 08:15:00,4.5,False
2025-08-13 12:00:00,2025-08-13 12:30:00,1.2,False
2025-08-13 17:30:00,2025-08-13 18:15:00,5.0,True
2025-08-14 07:30:00,2025-08-14 08:15:00,4.5,False
2025-08-14 12:00:00,2025-08-14 12:30:00,1.2,False
2025-08-14 17:30:00,2025-08-14 18:15:00,5.0,True
2025-08-15 07:30:00,2025-08-15 08:15:00,4.5,False
2025-08-15 12:00:00,2025-08-15 12:30:00,1.2,False
2025-08-15 17:30:00,2025-08-15 18:15:00,5.0,True
2025-08-16 07:30:00,2025-08-16 08:15:00,4.5,False
2025-08-16 12:00:00,2025-08-16 12:30:00,1.2,False
2025-08-16 17:30:00,2025-08-16 18:15:00,5.0,True
2025-08-17 07:30:00,2025-08-17 08:15:00,4.5,False
2025-08-17 12:00:00,2025-08-17 12:30:00,1.2,False
2025-08-17 17:30:00,2025-08-17 18:15:00,5.0,True
2025-08-18 07:30:00,2025-08-18 08:15:00,4.5,False
2025-08-18 12:00:00,2025-08-18 12:30:00,1.2,False
2025-08-18 17:30:00,2025-08-18 18:15:00,5.0,True
2025-08-19 07:30:00,2025-08-19 08:15:00,4.5,False
2025-08-19 12:00:00,2025-08-19 12:30:00,1.2,False
2025-08-19 17:30:00,2025-08-19 18:15:00,5.0,True
2025-08-20 07:30:00,2025-08-20 08:15:00,4.5,False
2025-08-20 12:00:00,2025-08-20 12:30:00,1.2,False
2025-08-20 17:30:00,2025-08-20 18:15:00,5.0,True
2025-08-21 07:30:00,2025-08-21 08:15:00,4.5,False
2025-08-21 12:00:00,2025-08-21 12:30:00,1.2,False
2025-08-21 17:30:00,2025-08-21 18:15:00,5.0,True
2025-08-22 07:30:00,2025-08-22 08:15:00,4.5,False
2025-08-22 12:00:00,2025-08-22 12:30:00,1.2,False
2025-08-22 17:30:00,2025-08-22 18:15:00,5.0,True
2025-08-23 07:30:00,2025-08-23 08:15:00,4.5,False
2025-08-23 12:00:00,2025-08-23 12:30:00,1.2,False
2025-08-23 17:30:00,2025-08-23 18:15:00,5.0,True
2025-08-24 07:30:00,2025-08-24 08:15:00,4.5,False
2025-08-24 12:00:00,2025-08-24 12:30:00,1.2,False
2025-08-24 17:30:00,2025-08-24 18:15:00,5.0,True
2025-08-25 07:30:00,2025-08-25 08:15:00,4.5,False
2025-08-25 12:00:00,2025-08-25 12:30:00,1.2,False
2025-08-25 17:30:00,2025-08-25 18:15:00,5.0,True
2025-08-26 07:30:00,2025-08-26 08:15:00,4.5,False
2025-08-26 12:00:00,2025-08-26 12:30:00,1.2,False
2025-08-26 17:30:00,2025-08-26 18:15:00,5.0,True
2025-08-27 07:30:00,2025-08-27 08:15:00,4.5,False
2025-08-27 12:00:00,2025-08-27 12:30:00,1.2,False
2025-08-27 17:30:00,2025-08-27 18:15:00,5.0,True
2025-08-28 07:30:00,2025-08-28 08:15:00,4.5,False
2025-08-28 12:00:00,2025-08-28 12:30:00,1.2,False
2025-08-28 17:30:00,2025-08-28 18:15:00,5.0,True
2025-08-29 07:30:00,2025-08-29 08:15:00,4.5,False
2025-08-29 12:00:00,2025-08-29 12:30:00,1.2,False
2025-08-29 17:30:00,2025-08-29 18:15:00,5.0,True
2025-08-30 07:30:00,2025-08-30 08:15:00,4.5,False
2025-08-30 12:00:00,2025-08-30 12:30:00,1.2,False
2025-08-30 17:30:00,2025-08-30 18:15:00,5.0,True
2025-08-31 07:30:00,2025-08-31 08:15:00,4.5,False
2025-08-31 12:00:00,2025-08-31 12:30:00,1.2,False
2025-08-31 17:30:00,2025-08-31 18:15:00,5.0,True
2025-09-01 07:30:00,2025-09-01 08:15:00,4.5,False
2025-09-01 12:00:00,2025-09-01 12:30:00,1.2,False
2025-09-01 17:30:00,2025-09-01 18:15:00,5.0,True
2025-09-02 07:30:00,2025-09-02 08:15:00,4.5,False
2025-09-02 12:00:00,2025-09-02 12:30:00,1.2,False
2025-09-02 17:30:00,2025-09-02 18:15:00,5.0,True
2025-09-03 07:30:00,2025-09-03 08:15:00,4.5,False
2025-09-03 12:00:00,2025-09-03 12:30:00,1.2,False
2025-09-03 17:30:00,2025-09-03 18:15:00,5.0,True
2025-09-04 07:30:00,2025-09-04 08:15:00,4.5,False
2025-09-04 12:00:00,2025-09-04 12:30:00,1.2,False
2025-09-04 17:30:00,2025-09-04 18:15:00,5.0,True
2025-09-05 07:30:00,2025-09-05 08:15:00,4.5,False
2025-09-05 12:00:00,2025-09-05 12:30:00,1.2,False
2025-09-05 17:30:00,2025-09-05 18:15:00,5.0,True
2025-09-06 07:30:00,2025-09-06 08:15:00,4.5,False
2025-09-06 12:00:00,2025-09-06 12:30:00,1.2,False
2025-09-06 17:30:00,2025-09-06 18:15:00,5.0,True
2025-09-07 07:30:00,2025-09-07 08:15:00,4.5,False
2025-09-07 12:00:00,2025-09-07 12:30:00,1.2,False
2025-09-07 17:30:00,2025-09-07 18:15:00,5.0,True
2025-09-08 07:30:00,2025-09-08 08:15:00,4.5,False
2025-09-08 12:00:00,2025-09-08 12:30:00,1.2,False
2025-09-08 17:30:00,2025-09-08 18:15:00,5.0,True
2025-09-09 07:30:00,2025-09-09 08:15:00,4.5,False
2025-09-09 12:00:00,2025-09-09 12:30:00,1.2,False
2025-09-09 17:30:00,2025-09-09 18:15:00,5.0,True
2025-09-10 07:30:00,2025-09-10 08:15:00,4.5,False
2025-09-10 12:00:00,2025-09-10 12:30:00,1.2,False
2025-09-10 17:30:00,2025-09-10 18:15:00,5.0,True
2025-09-11 07:30:00,2025-09-11 08:15:00,4.5,False
2025-09-11 12:00:00,2025-09-11 12:30:00,1.2,False
2025-09-11 17:30:00,2025-09-11 18:15:00,5.0,True
2025-09-12 07:30:00,2025-09-12 08:15:00,4.5,False
2025-09-12 12:00:00,2025-09-12 12:30:00,1.2,False
2025-09-12 17:30:00,2025-09-12 18:15:00,5.0,True
2025-09-13 07:30:00,2025-09-13 08:15:00,4.5,False
2025-09-13 12:00:00,2025-09-13 12:30:00,1.2,False
2025-09-13 17:30:00,2025-09-13 18:15:00,5.0,True
2025-09-14 07:30:00,2025-09-14 08:15:00,4.5,False
2025-09-14 12:00:00,2025-09-14 12:30:00,1.2,False
2025-09-14 17:30:00,2025-09-14 18:15:00,5.0,True
2025-09-15 07:30:00,2025-09-15 08:15:00,4.5,False
2025-09-15 12:00:00,2025-09-15 12:30:00,1.2,False
2025-09-15 17:30:00,2025-09-15 18:15:00,5.0,True
2025-09-16 07:30:00,2025-09-16 08:15:00,4.5,False
2025-09-16 12:00:00,2025-09-16 12:30:00,1.2,False
2025-09-16 17:30:00,2025-09-16 18:15:00,5.0,True
2025-09-17 07:30:00,2025-09-17 08:15:00,4.5,False
2025-09-17 12:00:00,2025-09-17 12:30:00,1.2,False
2025-09-17 17:30:00,2025-09-17 18:15:00,5.0,True
2025-09-18 07:30:00,2025-09-18 08:15:00,4.5,False
2025-09-18 12:00:00,2025-09-18 12:30:00,1.2,False
2025-09-18 17:30:00,2025-09-18 18:15:00,5.0,True
2025-09-19 07:30:00,2025-09-19 08:15:00,4.5,False
2025-09-19 12:00:00,2025-09-19 12:30:00,1.2,False
2025-09-19 17:30:00,2025-09-19 18:15:00,5.0,True
2025-09-20 07:30:00,2025-09-20 08:15:00,4.5,False
2025-09-20 12:00:00,2025-09-20 12:30:00,1.2,False
2025-09-20 17:30:00,2025-09-20 18:15:00,5.0,True
2025-09-21 07:30:00,2025-09-21 08:15:00,4.5,False
2025-09-21 12:00:00,2025-09-21 12:30:00,1.2,False
2025-09-21 17:30:00,2025-09-21 18:15:00,5.0,True
2025-09-22 07:30:00,2025-09-22 08:15:00,4.5,False
2025-09-22 12:00:00,2025-09-22 12:30:00,1.2,False
2025-09-22 17:30:00,2025-09-22 18:15:00,5.0,True
2025-09-23 07:30:00,2025-09-23 08:15:00,4.5,False
2025-09-23 12:00:00,2025-09-23 12:30:00,1.2,False
2025-09-23 17:30:00,2025-09-23 18:15:00,5.0,True
2025-09-24 07:30:00,2025-09-24 08:15:00,4.5,False
2025-09-24 12:00:00,2025-09-24 12:30:00,1.2,False
2025-09-24 17:30:00,2025-09-24 18:15:00,5.0,True
2025-09-25 07:30:00,2025-09-25 08:15:00,4.5,False
2025-09-25 12:00:00,2025-09-25 12:30:00,1.2,False
2025-09-25 17:30:00,2025-09-25 18:15:00,5.0,True
2025-09-26 07:30:00,2025-09-26 08:15:00,4.5,False
2025-09-26 12:00:00,2025-09-26 12:30:00,1.2,False
2025-09-26 17:30:00,2025-09-26 18:15:00,5.0,True
2025-09-27 07:30:00,2025-09-27 08:15:00,4.5,False
2025-09-27 12:00:00,2025-09-27 12:30:00,1.2,False
2025-09-27 17:30:00,2025-09-27 18:15:00,5.0,True
2025-09-28 07:30:00,2025-09-28 08:15:00,4.5,False
2025-09-28 12:00:00,2025-09-28 12:30:00,1.2,False
2025-09-28 17:30:00,2025-09-28 18:15:00,5.0,True
2025-09-29 07:30:00,2025-09-29 08:15:00,4.5,False
2025-09-29 12:00:00,2025-09-29 12:30:00,1.2,False
2025-09-29 17:30:00,2025-09-29 18:15:00,5.0,True
2025-09-30 07:30:00,2025-09-30 08:15:00,4.5,False
2025-09-30 12:00:00,2025-09-30 12:30:00,1.2,False
2025-09-30 17:30:00,2025-09-30 18:15:00,5.0,True
2025-10-01 07:30:00,2025-10-01 08:15:00,4.5,False
2025-10-01 12:00:00,2025-10-01 12:30:00,1.2,False
2025-10-01 17:30:00,2025-10-01 18:15:00,5.0,True
2025-10-02 07:30:00,2025-10-02 08:15:00,4.5,False
2025-10-02 12:00:00,2025-10-02 12:30:00,1.2,False
2025-10-02 17:30:00,2025-10-02 18:15:00,5.0,True
2025-10-03 07:30:00,2025-10-03 08:15:00,4.5,False
2025-10-03 12:00:00,2025-10-03 12:30:00,1.2,False
2025-10-03 17:30:00,2025-10-03 18:15:00,5.0,True
2025-10-04 07:30:00,2025-10-04 08:15:00,4.5,False
2025-10-04 12:00:00,2025-10-04 12:30:00,1.2,False
2025-10-04 17:30:00,2025-10-04 18:15:00,5.0,True
2025-10-05 07:30:00,2025-10-05 08:15:00,4.5,False
2025-10-05 12:00:00,2025-10-05 12:30:00,1.2,False
2025-10-05 17:30:00,2025-10-05 18:15:00,5.0,True
2025-10-06 07:30:00,2025-10-06 08:15:00,4.5,False
2025-10-06 12:00:00,2025-10-06 12:30:00,1.2,False
2025-10-06 17:30:00,2025-10-06 18:15:00,5.0,True
2025-10-07 07:30:00,2025-10-07 08:15:00,4.5,False
2025-10-07 12:00:00,2025-10-07 12:30:00,1.2,False
2025-10-07 17:30:00,2025-10-07 18:15:00,5.0,True
2025-10-08 07:30:00,2025-10-08 08:15:00,4.5,False
2025-10-08 12:00:00,2025-10-08 12:30:00,1.2,False
2025-10-08 17:30:00,2025-10-08 18:15:00,5.0,True
2025-10-09 07:30:00,2025-10-09 08:15:00,4.5,False
2025-10-09 12:00:00,2025-10-09 12:30:00,1.2,False
2025-10-09 17:30:00,2025-10-09 18:15:00,5.0,True
2025-10-10 07:30:00,2025-10-10 08:15:00,4.5,False
2025-10-10 12:00:00,2025-10-10 12:30:00,1.2,False
2025-10-10 17:30:00,2025-10-10 18:15:00,5.0,True
2025-10-11 07:30:00,2025-10-11 08:15:00,4.5,False
2025-10-11 12:00:00,2025-10-11 12:30:00,1.2,False
2025-10-11 17:30:00,2025-10-11 18:15:00,5.0,True
2025-10-12 07:30:00,2025-10-12 08:15:00,4.5,False
2025-10-12 12:00:00,2025-10-12 12:30:00,1.2,False
2025-10-12 17:30:00,2025-10-12 18:15:00,5.0,True
2025-10-13 07:30:00,2025-10-13 08:15:00,4.5,False
2025-10-13 12:00:00,2025-10-13 12:30:00,1.2,False
2025-10-13 17:30:00,2025-10-13 18:15:00,5.0,True
2025-10-14 07:30:00,2025-10-14 08:15:00,4.5,False
2025-10-14 12:00:00,2025-10-14 12:30:00,1.2,False
2025-10-14 17:30:00,2025-10-14 18:15:00,5.0,True
2025-10-15 07:30:00,2025-10-15 08:15:00,4.5,False
2025-10-15 12:00:00,2025-10-15 12:30:00,1.2,False
2025-10-15 17:30:00,2025-10-15 18:15:00,5.0,True
2025-10-16 07:30:00,2025-10-16 08:15:00,4.5,False
2025-10-16 12:00:00,2025-10-16 12:30:00,1.2,False
2025-10-16 17:30:00,2025-10-16 18:15:00,5.0,True
2025-10-17 07:30:00,2025-10-17 08:15:00,4.5,False
2025-10-17 12:00:00,2025-10-17 12:30:00,1.2,False
2025-10-17 17:30:00,2025-10-17 18:15:00,5.0,True
2025-10-18 07:30:00,2025-10-18 08:15:00,4.5,False
2025-10-18 12:00:00,2025-10-18 12:30:00,1.2,False
2025-10-18 17:30:00,2025-10-18 18:15:00,5.0,True
2025-10-19 07:30:00,2025-10-19 08:15:00,4.5,False
2025-10-19 12:00:00,2025-10-19 12:30:00,1.2,False
2025-10-19 17:30:00,2025-10-19 18:15:00,5.0,True
2025-10-20 07:30:00,2025-10-20 08:15:00,4.5,False
2025-10-20 12:00:00,2025-10-20 12:30:00,1.2,False
2025-10-20 17:30:00,2025-10-20 18:15:00,5.0,True
2025-10-21 07:30:00,2025-10-21 08:15:00,4.5,False
2025-10-21 12:00:00,2025-10-21 12:30:00,1.2,False
2025-10-21 17:30:00,2025-10-21 18:15:00,5.0,True
2025-10-22 07:30:00,2025-10-22 08:15:00,4.5,False
2025-10-22 12:00:00,2025-10-22 12:30:00,1.2,False
2025-10-22 17:30:00,2025-10-22 18:15:00,5.0,True
2025-10-23 07:30:00,2025-10-23 08:15:00,4.5,False
2025-10-23 12:00:00,2025-10-23 12:30:00,1.2,False
2025-10-23 17:30:00,2025-10-23 18:15:00,5.0,True
2025-10-24 07:30:00,2025-10-24 08:15:00,4.5,False
2025-10-24 12:00:00,2025-10-24 12:30:00,1.2,False
2025-10-24 17:30:00,2025-10-24 18:15:00,5.0,True
2025-10-25 07:30:00,2025-10-25 08:15:00,4.5,False
2025-10-25 12:00:00,2025-10-25 12:30:00,1.2,False
2025-10-25 17:30:00,2025-10-25 18:15:00,5.0,True
2025-10-26 07:30:00,2025-10-26 08:15:00,4.5,False
2025-10-26 12:00:00,2025-10-26 12:30:00,1.2,False
2025-10-26 17:30:00,2025-10-26 18:15:00,5.0,True
2025-10-27 07:30:00,2025-10-27 08:15:00,4.5,False
2025-10-27 12:00:00,2025-10-27 12:30:00,1.2,False
2025-10-27 17:30:00,2025-10-27 18:15:00,5.0,True
2025-10-28 07:30:00,2025-10-28 08:15:00,4.5,False
2025-10-28 12:00:00,2025-10-28 12:30:00,1.2,False
2025-10-28 17:30:00,2025-10-28 18:15:00,5.0,True
2025-10-29 07:30:00,2025-10-29 08:15:00,4.5,False
2025-10-29 12:00:00,2025-10-29 12:30:00,1.2,False
2025-10-29 17:30:00,2025-10-29 18:15:00,5.0,True
2025-10-30 07:30:00,2025-10-30 08:15:00,4.5,False
2025-10-30 12:00:00,2025-10-30 12:30:00,1.2,False
2025-10-30 17:30:00,2025-10-30 18:15:00,5.0,True
2025-10-31 07:30:00,2025-10-31 08:15:00,4.5,False
2025-10-31 12:00:00,2025-10-31 12:30:00,1.2,False
2025-10-31 17:30:00,2025-10-31 18:15:00,5.0,True
2025-11-01 07:30:00,2025-11-01 08:15:00,4.5,False
2025-11-01 12:00:00,2025-11-01 12:30:00,1.2,False
2025-11-01 17:30:00,2025-11-01 18:15:00,5.0,True
2025-11-02 07:30:00,2025-11-02 08:15:00,4.5,False
2025-11-02 12:00:00,2025-11-02 12:30:00,1.2,False
2025-11-02 17:30:00,2025-11-02 18:15:00,5.0,True
2025-11-03 07:30:00,2025-11-03 08:15:00,4.5,False
2025-11-03 12:00:00,2025-11-03 12:30:00,1.2,False
2025-11-03 17:30:00,2025-11-03 18:15:00,5.0,True
2025-11-04 07:30:00,2025-11-04 08:15:00,4.5,False
2025-11-04 12:00:00,2025-11-04 12:30:00,1.2,False
2025-11-04 17:30:00,2025-11-04 18:15:00,5.0,True
2025-11-05 07:30:00,2025-11-05 08:15:00,4.5,False
2025-11-05 12:00:00,2025-11-05 12:30:00,1.2,False
2025-11-05 17:30:00,2025-11-05 18:15:00,5.0,True
2025-11-06 07:30:00,2025-11-06 08:15:00,4.5,False
2025-11-06 12:00:00,2025-11-06 12:30:00,1.2,False
2025-11-06 17:30:00,2025-11-06 18:15:00,5.0,True
2025-11-07 07:30:00,2025-11-07 08:15:00,4.5,False
2025-11-07 12:00:00,2025-11-07 12:30:00,1.2,False
2025-11-07 17:30:00,2025-11-07 18:15:00,5.0,True
2025-11-08 07:30:00,2025-11-08 08:15:00,4.5,False
2025-11-08 12:00:00,2025-11-08 12:30:00,1.2,False
2025-11-08 17:30:00,2025-11-08 18:15:00,5.0,True
2025-11-09 07:30:00,2025-11-09 08:15:00,4.5,False
2025-11-09 12:00:00,2025-11-09 12:30:00,1.2,False
2025-11-09 17:30:00,2025-11-09 18:15:00,5.0,True
2025-11-10 07:30:00,2025-11-10 08:15:00,4.5,False
2025-11-10 12:00:00,2025-11-10 12:30:00,1.2,False
2025-11-10 17:30:00,2025-11-10 18:15:00,5.0,True
2025-11-11 07:30:00,2025-11-11 08:15:00,4.5,False
2025-11-11 12:00:00,2025-11-11 12:30:00,1.2,False
2025-11-11 17:30:00,2025-11-11 18:15:00,5.0,True
2025-11-12 07:30:00,2025-11-12 08:15:00,4.5,False
2025-11-12 12:00:00,2025-11-12 12:30:00,1.2,False
2025-11-12 17:30:00,2025-11-12 18:15:00,5.0,True
2025-11-13 07:30:00,2025-11-13 08:15:00,4.5,False
2025-11-13 12:00:00,2025-11-13 12:30:00,1.2,False
2025-11-13 17:30:00,2025-11-13 18:15:00,5.0,True
2025-11-14 07:30:00,2025-11-14 08:15:00,4.5,False
2025-11-14 12:00:00,2025-11-14 12:30:00,1.2,False
2025-11-14 17:30:00,2025-11-14 18:15:00,5.0,True
2025-11-15 07:30:00,2025-11-15 08:15:00,4.5,False
2025-11-15 12:00:00,2025-11-15 12:30:00,1.2,False
2025-11-15 17:30:00,2025-11-15 18:15:00,5.0,True
2025-11-16 07:30:00,2025-11-16 08:15:00,4.5,False
2025-11-16 12:00:00,2025-11-16 12:30:00,1.2,False
2025-11-16 17:30:00,2025-11-16 18:15:00,5.0,True
2025-11-17 07:30:00,2025-11-17 08:15:00,4.5,False
2025-11-17 12:00:00,2025-11-17 12:30:00,1.2,False
2025-11-17 17:30:00,2025-11-17 18:15:00,5.0,True
2025-11-18 07:30:00,2025-11-18 08:15:00,4.5,False
2025-11-18 12:00:00,2025-11-18 12:30:00,1.2,False
2025-11-18 17:30:00,2025-11-18 18:15:00,5.0,True
2025-11-19 07:30:00,2025-11-19 08:15:00,4.5,False
2025-11-19 12:00:00,2025-11-19 12:30:00,1.2,False
2025-11-19 17:30:00,2025-11-19 18:15:00,5.0,True
2025-11-20 07:30:00,2025-11-20 08:15:00,4.5,False
2025-11-20 12:00:00,2025-11-20 12:30:00,1.2,False
2025-11-20 17:30:00,2025-11-20 18:15:00,5.0,True
2025-11-21 07:30:00,2025-11-21 08:15:00,4.5,False
2025-11-21 12:00:00,2025-11-21 12:30:00,1.2,False
2025-11-21 17:30:00,2025-11-21 18:15:00,5.0,True
2025-11-22 07:30:00,2025-11-22 08:15:00,4.5,False
2025-11-22 12:00:00,2025-11-22 12:30:00,1.2,False
2025-11-22 17:30:00,2025-11-22 18:15:00,5.0,True
2025-11-23 07:30:00,2025-11-23 08:15:00,4.5,False
2025-11-23 12:00:00,2025-11-23 12:30:00,1.2,False
2025-11-23 17:30:00,2025-11-23 18:15:00,5.0,True
2025-11-24 07:30:00,2025-11-24 08:15:00,4.5,False
2025-11-24 12:00:00,2025-11-24 12:30:00,1.2,False
2025-11-24 17:30:00,2025-11-24 18:15:00,5.0,True
2025-11-25 07:30:00,2025-11-25 08:15:00,4.5,False
2025-11-25 12:00:00,2025-11-25 12:30:00,1.2,False
2025-11-25 17:30:00,2025-11-25 18:15:00,5.0,True
2025-11-26 07:30:00,2025-11-26 08:15:00,4.5,False
2025-11-26 12:00:00,2025-11-26 12:30:00,1.2,False
2025-11-26 17:30:00,2025-11-26 18:15:00,5.0,True
2025-11-27 07:30:00,2025-11-27 08:15:00,4.5,False
2025-11-27 12:00:00,2025-11-27 12:30:00,1.2,False
2025-11-27 17:30:00,2025-11-27 18:15:00,5.0,True
2025-11-28 07:30:00,2025-11-28 08:15:00,4.5,False
2025-11-28 12:00:00,2025-11-28 12:30:00,1.2,False
2025-11-28 17:30:00,2025-11-28 18:15:00,5.0,True
2025-11-29 07:30:00,2025-11-29 08:15:00,4.5,False
2025-11-29 12:00:00,2025-11-29 12:30:00,1.2,False
2025-11-29 17:30:00,2025-11-29 18:15:00,5.0,True
2025-11-30 07:30:00,2025-11-30 08:15:00,4.5,False
2025-11-30 12:00:00,2025-11-30 12:30:00,1.2,False
2025-11-30 17:30:00,2025-11-30 18:15:00,5.0,True
2025-12-01 07:30:00,2025-12-01 08:15:00,4.5,False
2025-12-01 12:00:00,2025-12-01 12:30:00,1.2,False
2025-12-01 17:30:00,2025-12-01 18:15:00,5.0,True
2025-12-02 07:30:00,2025-12-02 08:15:00,4.5,False
2025-12-02 12:00:00,2025-12-02 12:30:00,1.2,False
2025-12-02 17:30:00,2025-12-02 18:15:00,5.0,True
2025-12-03 07:30:00,2025-12-03 08:15:00,4.5,False
2025-12-03 12:00:00,2025-12-03 12:30:00,1.2,False
2025-12-03 17:30:00,2025-12-03 18:15:00,5.0,True
2025-12-04 07:30:00,2025-12-04 08:15:00,4.5,False
2025-12-04 12:00:00,2025-12-04 12:30:00,1.2,False
2025-12-04 17:30:00,2025-12-04 18:15:00,5.0,True
2025-12-05 07:30:00,2025-12-05 08:15:00,4.5,False
2025-12-05 12:00:00,2025-12-05 12:30:00,1.2,False
2025-12-05 17:30:00,2025-12-05 18:15:00,5.0,True
2025-12-06 07:30:00,2025-12-06 08:15:00,4.5,False
2025-12-06 12:00:00,2025-12-06 12:30:00,1.2,False
2025-12-06 17:30:00,2025-12-06 18:15:00,5.0,True
2025-12-07 07:30:00,2025-12-07 08:15:00,4.5,False
2025-12-07 12:00:00,2025-12-07 12:30:00,1.2,False
2025-12-07 17:30:00,2025-12-07 18:15:00,5.0,True
2025-12-08 07:30:00,2025-12-08 08:15:00,4.5,False
2025-12-08 12:00:00,2025-12-08 12:30:00,1.2,False
2025-12-08 17:30:00,2025-12-08 18:15:00,5.0,True
2025-12-09 07:30:00,2025-12-09 08:15:00,4.5,False
2025-12-09 12:00:00,2025-12-09 12:30:00,1.2,False
2025-12-09 17:30:00,2025-12-09 18:15:00,5.0,True
2025-12-10 07:30:00,2025-12-10 08:15:00,4.5,False
2025-12-10 12:00:00,2025-12-10 12:30:00,1.2,False
2025-12-10 17:30:00,2025-12-10 18:15:00,5.0,True
2025-12-11 07:30:00,2025-12-11 08:15:00,4.5,False
2025-12-11 12:00:00,2025-12-11 12:30:00,1.2,False
2025-12-11 17:30:00,2025-12-11 18:15:00,5.0,True
2025-12-12 07:30:00,2025-12-12 08:15:00,4.5,False
2025-12-12 12:00:00,2025-12-12 12:30:00,1.2,False
2025-12-12 17:30:00,2025-12-12 18:15:00,5.0,True
2025-12-13 07:30:00,2025-12-13 08:15:00,4.5,False
2025-12-13 12:00:00,2025-12-13 12:30:00,1.2,False
2025-12-13 17:30:00,2025-12-13 18:15:00,5.0,True
2025-12-14 07:30:00,2025-12-14 08:15:00,4.5,False
2025-12-14 12:00:00,2025-12-14 12:30:00,1.2,False
2025-12-14 17:30:00,2025-12-14 18:15:00,5.0,True
2025-12-15 07:30:00,2025-12-15 08:15:00,4.5,False
2025-12-15 12:00:00,2025-12-15 12:30:00,1.2,False
2025-12-15 17:30:00,2025-12-15 18:15:00,5.0,True
2025-12-16 07:30:00,2025-12-16 08:15:00,4.5,False
2025-12-16 12:00:00,2025-12-16 12:30:00,1.2,False
2025-12-16 17:30:00,2025-12-16 18:15:00,5.0,True
2025-12-17 07:30:00,2025-12-17 08:15:00,4.5,False
2025-12-17 12:00:00,2025-12-17 12:30:00,1.2,False
2025-12-17 17:30:00,2025-12-17 18:15:00,5.0,True
2025-12-18 07:30:00,2025-12-18 08:15:00,4.5,False
2025-12-18 12:00:00,2025-12-18 12:30:00,1.2,False
2025-12-18 17:30:00,2025-12-18 18:15:00,5.0,True
2025-12-19 07:30:00,2025-12-19 08:15:00,4.5,False
2025-12-19 12:00:00,2025-12-19 12:30:00,1.2,False
2025-12-19 17:30:00,2025-12-19 18:15:00,5.0,True
2025-12-20 07:30:00,2025-12-20 08:15:00,4.5,False
2025-12-20 12:00:00,2025-12-20 12:30:00,1.2,False
2025-12-20 17:30:00,2025-12-20 18:15:00,5.0,True
2025-12-21 07:30:00,2025-12-21 08:15:00,4.5,False
2025-12-21 12:00:00,2025-12-21 12:30:00,1.2,False
2025-12-21 17:30:00,2025-12-21 18:15:00,5.0,True
2025-12-22 07:30:00,2025-12-22 08:15:00,4.5,False
2025-12-22 12:00:00,2025-12-22 12:30:00,1.2,False
2025-12-22 17:30:00,2025-12-22 18:15:00,5.0,True
2025-12-23 07:30:00,2025-12-23 08:15:00,4.5,False
2025-12-23 12:00:00,2025-12-23 12:30:00,1.2,False
2025-12-23 17:30:00,2025-12-23 18:15:00,5.0,True
2025-12-24 07:30:00,2025-12-24 08:15:00,4.5,False
2025-12-24 12:00:00,2025-12-24 12:30:00,1.2,False
2025-12-24 17:30:00,2025-12-24 18:15:00,5.0,True
2025-12-25 07:30:00,2025-12-25 08:15:00,4.5,False
2025-12-25 12:00:00,2025-12-25 12:30:00,1.2,False
2025-12-25 17:30:00,2025-12-25 18:15:00,5.0,True
2025-12-26 07:30:00,2025-12-26 08:15:00,4.5,False
2025-12-26 12:00:00,2025-12-26 12:30:00,1.2,False
2025-12-26 17:30:00,2025-12-26 18:15:00,5.0,True
2025-12-27 07:30:00,2025-12-27 08:15:00,4.5,False
2025-12-27 12:00:00,2025-12-27 12:30:00,1.2,False
2025-12-27 17:30:00,2025-12-27 18:15:00,5.0,True
2025-12-28 07:30:00,2025-12-28 08:15:00,4.5,False
2025-12-28 12:00:00,2025-12-28 12:30:00,1.2,False
2025-12-28 17:30:00,2025-12-28 18:15:00,5.0,True
2025-12-29 07:30:00,2025-12-29 08:15:00,4.5,False
2025-12-29 12:00:00,2025-12-29 12:30:00,1.2,False
2025-12-29 17:30:00,2025-12-29 18:15:00,5.0,True
2025-12-30 07:30:00,2025-12-30 08:15:00,4.5,False
2025-12-30 12:00:00,2025-12-30 12:30:00,1.2,False
2025-12-30 17:30:00,2025-12-30 18:15:00,5.0,True
2025-12-31 07:30:00,2025-12-31 08:15:00,4.5,False
2025-12-31 12:00:00,2025-12-31 12:30:00,1.2,False
2025-12-31 17:30:00,2025-12-31 18:15:00,5.0,True
